{
	"info": {
		"_postman_id": "f4425c45-c83b-45ff-9fbb-417f7f84114c",
		"name": "JDS Tarek collection",
		"schema": "https://schema.getpostman.com/json/collection/v2.1.0/collection.json",
		"_exporter_id": "23689918"
	},
	"item": [
		{
			"name": "Use case 1 = Creating entries, different logos",
			"item": [
				{
					"name": "Simplified Post customer X",
					"request": {
						"method": "POST",
						"header": [
							{
								"key": "Content-Type",
								"value": "application/json"
							}
						],
						"body": {
							"mode": "raw",
							"raw": "{\n    \"id\": \"{{$guid}}\",\n    \"specversion\": \"1.0\",\n    \"type\": \"task:new\",\n    \"source\": \"test\",\n    \"identity\": \"{{Phone}}\",\n    \"identitytype\": \"phone\",\n    \"datacontenttype\": \"application/json\",\n    \"data\": {\n      \"origin\" : \"Generic Telephony Entry\",\n      \"channelType\": \"Telephony\"\n    }\n  }"
						},
						"url": {
							"raw": "{{baseUrl}}/publish/v1/api/event?workspaceId={{workspaceId}}",
							"host": [
								"{{baseUrl}}"
							],
							"path": [
								"publish",
								"v1",
								"api",
								"event"
							],
							"query": [
								{
									"key": "workspaceId",
									"value": "{{workspaceId}}"
								}
							]
						}
					},
					"response": []
				},
				{
					"name": "Get Identity by Phone",
					"event": [
						{
							"listen": "prerequest",
							"script": {
								"exec": [
									"pm.environment.set(\"identity\", encodeURIComponent(\"customer2@customers.com\"));\r",
									"console.log(pm.environment.get(\"identity\"));"
								],
								"type": "text/javascript"
							}
						}
					],
					"protocolProfileBehavior": {
						"disableBodyPruning": true
					},
					"request": {
						"method": "GET",
						"header": [
							{
								"key": "Content-Type",
								"value": "application/json"
							}
						],
						"body": {
							"mode": "raw",
							"raw": ""
						},
						"url": {
							"raw": "{{baseUrl}}/admin/v1/api/person/workspace-id/{{workspaceId}}/aliases/{{Phone}}",
							"host": [
								"{{baseUrl}}"
							],
							"path": [
								"admin",
								"v1",
								"api",
								"person",
								"workspace-id",
								"{{workspaceId}}",
								"aliases",
								"{{Phone}}"
							]
						}
					},
					"response": []
				},
				{
					"name": "Get History Stream by Phone",
					"event": [
						{
							"listen": "prerequest",
							"script": {
								"exec": [
									"pm.environment.set(\"phoneEnc\", encodeURIComponent(\"+506123456XX\"));",
									"console.log(pm.environment.get(\"phoneEnc\"));"
								],
								"type": "text/javascript"
							}
						},
						{
							"listen": "test",
							"script": {
								"exec": [
									""
								],
								"type": "text/javascript"
							}
						}
					],
					"protocolProfileBehavior": {
						"disableBodyPruning": true
					},
					"request": {
						"method": "GET",
						"header": [
							{
								"key": "Content-Type",
								"value": "application/json"
							}
						],
						"body": {
							"mode": "raw",
							"raw": "\n"
						},
						"url": {
							"raw": "{{baseUrl}}/v1/api/events/workspace-id/{{workspaceId}}?identity={{phoneEnc}}",
							"host": [
								"{{baseUrl}}"
							],
							"path": [
								"v1",
								"api",
								"events",
								"workspace-id",
								"{{workspaceId}}"
							],
							"query": [
								{
									"key": "identity",
									"value": "{{phoneEnc}}"
								}
							]
						}
					},
					"response": []
				},
				{
					"name": "Sophisticated Post to customer x",
					"request": {
						"method": "POST",
						"header": [
							{
								"key": "Content-Type",
								"value": "application/json"
							}
						],
						"body": {
							"mode": "raw",
							"raw": "{  \"id\": \"{{$randomAlphaNumeric}}\",\n  \"specversion\": \"1.0\",\n  \"type\": \"task:new\",\n  \"event\": \"Callback\",\n  \"source\": \"Callback\",\n  \"identity\": \"{{Phone}}\",\n  \"identitytype\": \"phone\",\n  \"datacontenttype\": \"application/json\",\n  \"data\": {\n    \"origin\": \"When calling at midnight and Queued\",\n    \"channelType\": \"Telephony\",\n    \"phone\": \"{{Phone}}\",\n    \"Reason\": \"Callback requested by the customer\",\n    \"MessageForUser\" : \"You have requested around midnight a callback, we will call you ASAP in the morning.\",\n    \"LinkSent\": \"https://www.cisco.com/\",\n    \"Notification\": \"1\",\n    \"Past interaction from JDS\": \"some variable\",\n    \"category\": \"Voice\",\n    \"status\": \"On-going\",\n    \"channelBreakout\": \"Callback\"\n}}\n"
						},
						"url": {
							"raw": "{{baseUrl}}/publish/v1/api/event?workspaceId={{workspaceId}}",
							"host": [
								"{{baseUrl}}"
							],
							"path": [
								"publish",
								"v1",
								"api",
								"event"
							],
							"query": [
								{
									"key": "workspaceId",
									"value": "{{workspaceId}}"
								}
							]
						}
					},
					"response": []
				},
				{
					"name": "Email Post to customer X Copy",
					"request": {
						"method": "POST",
						"header": [
							{
								"key": "Content-Type",
								"value": "application/json"
							}
						],
						"body": {
							"mode": "raw",
							"raw": "{  \"id\": \"{{$randomAlphaNumeric}}\",\n  \"specversion\": \"1.0\",\n  \"type\": \"task:new\",\n  \"source\": \"Email\",\n  \"identity\": \"{{Phone}}\",\n  \"identitytype\": \"phone\",\n  \"datacontenttype\": \"application/json\",\n  \"data\": {\n    \"origin\": \"Email enquiry sent by parnter\",\n    \"channelType\": \"Email\",\n    \"Email content\" : \"I need to open a TAC case\",\n    \"LinkSent\": \"https://www.cisco.com/c/en/us/support/index.html/\"\n}}\n"
						},
						"url": {
							"raw": "{{baseUrl}}/publish/v1/api/event?workspaceId={{workspaceId}}",
							"host": [
								"{{baseUrl}}"
							],
							"path": [
								"publish",
								"v1",
								"api",
								"event"
							],
							"query": [
								{
									"key": "workspaceId",
									"value": "{{workspaceId}}"
								}
							]
						}
					},
					"response": []
				},
				{
					"name": "Chat Post to customer X",
					"request": {
						"method": "POST",
						"header": [
							{
								"key": "Content-Type",
								"value": "application/json"
							}
						],
						"body": {
							"mode": "raw",
							"raw": "{  \"id\": \"{{$randomAlphaNumeric}}\",\n  \"specversion\": \"1.0\",\n  \"type\": \"task:new\",\n  \"source\": \"Chat\",\n  \"identity\": \"{{Phone}}\",\n  \"identitytype\": \"phone\",\n  \"datacontenttype\": \"application/json\",\n  \"data\": {\n    \"origin\": \"WebChat enquiry sent by customer\",\n    \"channelType\": \"WebChat\",\n    \"Email content\" : \"I won't ask again, What is my case number?\"\n}}\n"
						},
						"url": {
							"raw": "{{baseUrl}}/publish/v1/api/event?workspaceId={{workspaceId}}",
							"host": [
								"{{baseUrl}}"
							],
							"path": [
								"publish",
								"v1",
								"api",
								"event"
							],
							"query": [
								{
									"key": "workspaceId",
									"value": "{{workspaceId}}"
								}
							]
						}
					},
					"response": []
				},
				{
					"name": "Whatsapp Post to customer X",
					"request": {
						"method": "POST",
						"header": [
							{
								"key": "Content-Type",
								"value": "application/json"
							}
						],
						"body": {
							"mode": "raw",
							"raw": "{  \"id\": \"{{$randomAlphaNumeric}}\",\n  \"specversion\": \"1.0\",\n  \"type\": \"task:new\",\n  \"source\": \"Chat\",\n  \"identity\": \"{{Phone}}\",\n  \"identitytype\": \"phone\",\n  \"datacontenttype\": \"application/json\",\n  \"data\": {\n    \"origin\": \"Whatsapp enquiry sent by customer\",\n    \"channelType\": \"Whatsapp\",\n    \"Email content\" : \"One more time. I won't ask again, What is my case number?\"\n}}\n"
						},
						"url": {
							"raw": "{{baseUrl}}/publish/v1/api/event?workspaceId={{workspaceId}}",
							"host": [
								"{{baseUrl}}"
							],
							"path": [
								"publish",
								"v1",
								"api",
								"event"
							],
							"query": [
								{
									"key": "workspaceId",
									"value": "{{workspaceId}}"
								}
							]
						}
					},
					"response": []
				},
				{
					"name": "Facebook Post to customer X",
					"request": {
						"method": "POST",
						"header": [
							{
								"key": "Content-Type",
								"value": "application/json"
							}
						],
						"body": {
							"mode": "raw",
							"raw": "{  \"id\": \"{{$randomAlphaNumeric}}\",\n  \"specversion\": \"1.0\",\n  \"type\": \"task:new\",\n  \"source\": \"Chat\",\n  \"identity\": \"{{Phone}}\",\n  \"identitytype\": \"phone\",\n  \"datacontenttype\": \"application/json\",\n  \"data\": {\n    \"origin\": \"Facebook enquiry sent by customer\",\n    \"channelType\": \"Messenger\",\n    \"Email content\" : \"Two more time. I won't ask again, What is my case number?\"\n}}\n"
						},
						"url": {
							"raw": "{{baseUrl}}/publish/v1/api/event?workspaceId={{workspaceId}}",
							"host": [
								"{{baseUrl}}"
							],
							"path": [
								"publish",
								"v1",
								"api",
								"event"
							],
							"query": [
								{
									"key": "workspaceId",
									"value": "{{workspaceId}}"
								}
							]
						}
					},
					"response": []
				},
				{
					"name": "Post Event custom icon library",
					"request": {
						"method": "POST",
						"header": [
							{
								"key": "Content-Type",
								"value": "application/json"
							}
						],
						"body": {
							"mode": "raw",
							"raw": "{  \"id\": \"{{$guid}}\",\n  \"specversion\": \"1.0\",\n  \"type\": \"task:new\",\n  \"source\": \"Postman\",\n  \"identity\": \"{{Phone}}\",\n  \"identitytype\": \"phone\",\n  \"datacontenttype\": \"application/json\",\n  \"data\": {\n    \"origin\": \"change the icons in the layout to https://lavish-noisy-impatiens.glitch.me/icons.json\",\n    \"channelType\": \"add\"\n}}\n"
						},
						"url": {
							"raw": "{{baseUrl}}/publish/v1/api/event?workspaceId={{workspaceId}}",
							"host": [
								"{{baseUrl}}"
							],
							"path": [
								"publish",
								"v1",
								"api",
								"event"
							],
							"query": [
								{
									"key": "workspaceId",
									"value": "{{workspaceId}}"
								}
							]
						}
					},
					"response": []
				}
			]
		},
		{
			"name": "Use case 2 = Merge identities",
			"item": [
				{
					"name": "Create customer X with email",
					"request": {
						"method": "POST",
						"header": [
							{
								"key": "Content-Type",
								"value": "application/json"
							}
						],
						"body": {
							"mode": "raw",
							"raw": "{\r\n  \"firstName\": \"{{FirstName}}\",\r\n  \"lastName\": \"{{LastName}}\",\r\n  \"email\": [\r\n    \"{{Email}}\"\r\n  ]\r\n}"
						},
						"url": {
							"raw": "{{baseUrl}}/admin/v1/api/person/workspace-id/{{workspaceId}}",
							"host": [
								"{{baseUrl}}"
							],
							"path": [
								"admin",
								"v1",
								"api",
								"person",
								"workspace-id",
								"{{workspaceId}}"
							]
						}
					},
					"response": []
				},
				{
					"name": "Get Identity By Multiple Aliases",
					"event": [
						{
							"listen": "prerequest",
							"script": {
								"exec": [
									"pm.environment.set(\"identity\", encodeURIComponent(\"+33642599901\"));\r",
									"console.log(pm.environment.get(\"identity\"));"
								],
								"type": "text/javascript"
							}
						}
					],
					"protocolProfileBehavior": {
						"disableBodyPruning": true
					},
					"request": {
						"method": "GET",
						"header": [
							{
								"key": "Content-Type",
								"value": "application/json"
							}
						],
						"body": {
							"mode": "raw",
							"raw": ""
						},
						"url": {
							"raw": "{{baseUrl}}/admin/v1/api/person/workspace-id/{{workspaceId}}/aliases/{{Phone}},{{Email}}",
							"host": [
								"{{baseUrl}}"
							],
							"path": [
								"admin",
								"v1",
								"api",
								"person",
								"workspace-id",
								"{{workspaceId}}",
								"aliases",
								"{{Phone}},{{Email}}"
							]
						}
					},
					"response": []
				},
				{
					"name": "Manual Merge Customer X email + Phone identities Copy",
					"request": {
						"method": "POST",
						"header": [
							{
								"key": "Content-Type",
								"value": "application/json"
							}
						],
						"body": {
							"mode": "raw",
							"raw": "{\n  \"personIdsToMerge\": [\n    \"{{PrimaryIdentity}}\",\"{{SecondaryIdentity}}\"\n  ]\n}\n"
						},
						"url": {
							"raw": "{{baseUrl}}/admin/v1/api/person/merge/workspace-id/{{workspaceId}}/primary-person-id/{{PrimaryIdentity}}",
							"host": [
								"{{baseUrl}}"
							],
							"path": [
								"admin",
								"v1",
								"api",
								"person",
								"merge",
								"workspace-id",
								"{{workspaceId}}",
								"primary-person-id",
								"{{PrimaryIdentity}}"
							]
						}
					},
					"response": []
				},
				{
					"name": "Delete Identity",
					"request": {
						"method": "DELETE",
						"header": [
							{
								"key": "Content-Type",
								"value": "application/json"
							}
						],
						"body": {
							"mode": "raw",
							"raw": ""
						},
						"url": {
							"raw": "{{baseUrl}}/admin/v1/api/person/workspace-id/{{workspaceId}}/person-id/{{DeleteIdentity}}",
							"host": [
								"{{baseUrl}}"
							],
							"path": [
								"admin",
								"v1",
								"api",
								"person",
								"workspace-id",
								"{{workspaceId}}",
								"person-id",
								"{{DeleteIdentity}}"
							]
						}
					},
					"response": []
				},
				{
					"name": "Automatic Merge Customer X email + Phone WxConnect",
					"request": {
						"auth": {
							"type": "noauth"
						},
						"method": "POST",
						"header": [
							{
								"key": "Content-Type",
								"value": "application/json"
							}
						],
						"body": {
							"mode": "raw",
							"raw": "{\n\t\"First\": \"{{FirstName}}\",\n\t\"Last\": \"{{LastName}}\",\n\t\"Numbers\": \"phone:{{Phone}},email:{{Email}}\"\n}"
						},
						"url": {
							"raw": "https://hooks.us.webexconnect.io/events/JNVOTPEUJE?key=53c03ad6-5e05-11ee-aec0-06d32164fa93",
							"protocol": "https",
							"host": [
								"hooks",
								"us",
								"webexconnect",
								"io"
							],
							"path": [
								"events",
								"JNVOTPEUJE"
							],
							"query": [
								{
									"key": "key",
									"value": "53c03ad6-5e05-11ee-aec0-06d32164fa93"
								}
							]
						}
					},
					"response": []
				},
				{
					"name": "For reference Create customer X with phone",
					"request": {
						"method": "POST",
						"header": [
							{
								"key": "Content-Type",
								"value": "application/json"
							}
						],
						"body": {
							"mode": "raw",
							"raw": "{\r\n  \"firstName\": \"{{FirstName}}\",\r\n  \"lastName\": \"{{LastName}}\",\r\n  \"phone\": [\r\n    \"{{Phone}}\"\r\n  ]\r\n}"
						},
						"url": {
							"raw": "{{baseUrl}}/admin/v1/api/person/workspace-id/{{workspaceId}}",
							"host": [
								"{{baseUrl}}"
							],
							"path": [
								"admin",
								"v1",
								"api",
								"person",
								"workspace-id",
								"{{workspaceId}}"
							]
						}
					},
					"response": []
				},
				{
					"name": "For reference Create customer X customerID",
					"request": {
						"method": "POST",
						"header": [
							{
								"key": "Content-Type",
								"value": "application/json"
							}
						],
						"body": {
							"mode": "raw",
							"raw": "{\r\n  \"firstName\": \"{{FirstName}}\",\r\n  \"lastName\": \"{{LastName}}\",\r\n  \"customerID\": [\r\n    \"{{GUID}}\"\r\n  ]\r\n}"
						},
						"url": {
							"raw": "{{baseUrl}}/admin/v1/api/person/workspace-id/{{workspaceId}}",
							"host": [
								"{{baseUrl}}"
							],
							"path": [
								"admin",
								"v1",
								"api",
								"person",
								"workspace-id",
								"{{workspaceId}}"
							]
						}
					},
					"response": []
				}
			]
		},
		{
			"name": "Use case 3 = Only WxCC Flow, no postman",
			"item": []
		},
		{
			"name": "Use case 4 = Temporary ID, browsing a website",
			"item": [
				{
					"name": "TemporaryID creation",
					"request": {
						"method": "POST",
						"header": [
							{
								"key": "Content-Type",
								"value": "application/json"
							}
						],
						"body": {
							"mode": "raw",
							"raw": "{ \"id\": \"{{NewPhoneContact.interactionId}}\",\n  \"specversion\": \"1.0\",\n  \"type\": \"UseCase3\",\n  \"source\": \"webpage\",\n  \"identity\": \"temporary01\",\n  \"identitytype\": \"temporaryId\",\n  \"datacontenttype\": \"application/json\",\n  \"data\": {\n    \"origin\": \"Unkown\",\n    \"channelType\": \"telephony\",\n    \"MessageForAgent\" : \"customer is a mistery\",\n    \"status\": \"On-going\"\n}\n}"
						},
						"url": {
							"raw": "{{baseUrl}}/publish/v1/api/event?workspaceId={{workspaceId}}",
							"host": [
								"{{baseUrl}}"
							],
							"path": [
								"publish",
								"v1",
								"api",
								"event"
							],
							"query": [
								{
									"key": "workspaceId",
									"value": "{{workspaceId}}"
								}
							]
						}
					},
					"response": []
				},
				{
					"name": "updating TemporaryID",
					"request": {
						"method": "POST",
						"header": [
							{
								"key": "Content-Type",
								"value": "application/json"
							}
						],
						"body": {
							"mode": "raw",
							"raw": "{\n  \"id\": \"{{NewPhoneContact.interactionId}}\",\n  \"specversion\": \"1.0\",\n  \"type\": \"UseCase3\",\n  \"source\": \"flow\",\n  \"previousidentity\":\"temporary01\",\n  \"identity\": \"permanent01@customers.com\",\n  \"identitytype\": \"email\",\n  \"datacontenttype\": \"application/json\",\n  \"data\": {\n    \"origin\": \"Website\",\n    \"channelType\": \"Website\",\n    \"MessageForAgent\" : \"the customer has just logged in\",\n    \"category\": \"proactive\",\n    \"status\": \"On-going\"\n}\n}"
						},
						"url": {
							"raw": "{{baseUrl}}/publish/v1/api/event?workspaceId={{workspaceId}}",
							"host": [
								"{{baseUrl}}"
							],
							"path": [
								"publish",
								"v1",
								"api",
								"event"
							],
							"query": [
								{
									"key": "workspaceId",
									"value": "{{workspaceId}}"
								}
							]
						}
					},
					"response": []
				},
				{
					"name": "Get Identity",
					"event": [
						{
							"listen": "prerequest",
							"script": {
								"exec": [
									"pm.environment.set(\"identity\", encodeURIComponent(\"tayadi@cisco.com\"));\r",
									"console.log(pm.environment.get(\"identity\"));"
								],
								"type": "text/javascript"
							}
						}
					],
					"protocolProfileBehavior": {
						"disableBodyPruning": true
					},
					"request": {
						"method": "GET",
						"header": [
							{
								"key": "Content-Type",
								"value": "application/json"
							}
						],
						"body": {
							"mode": "raw",
							"raw": ""
						},
						"url": {
							"raw": "{{baseUrl}}/admin/v1/api/person/workspace-id/{{workspaceId}}/aliases/{{identity}}",
							"host": [
								"{{baseUrl}}"
							],
							"path": [
								"admin",
								"v1",
								"api",
								"person",
								"workspace-id",
								"{{workspaceId}}",
								"aliases",
								"{{identity}}"
							],
							"query": [
								{
									"key": "data.id",
									"value": "64e355df07a5917664fb0aef",
									"disabled": true
								}
							]
						}
					},
					"response": []
				},
				{
					"name": "Delete temporaryId",
					"request": {
						"method": "DELETE",
						"header": [
							{
								"key": "Content-Type",
								"value": "application/json"
							}
						],
						"body": {
							"mode": "raw",
							"raw": ""
						},
						"url": {
							"raw": "{{baseUrl}}/admin/v1/api/person/workspace-id/{{workspaceId}}/person-id/{{PrimaryIdentity}}",
							"host": [
								"{{baseUrl}}"
							],
							"path": [
								"admin",
								"v1",
								"api",
								"person",
								"workspace-id",
								"{{workspaceId}}",
								"person-id",
								"{{PrimaryIdentity}}"
							]
						}
					},
					"response": []
				}
			]
		},
		{
			"name": "Use case 5 = Progressive template",
			"item": [
				{
					"name": "Defaut layout fake",
					"item": [
						{
							"name": "Default Profile Template Creation",
							"event": [
								{
									"listen": "prerequest",
									"script": {
										"exec": [
											"pm.environment.set(\"encodedAlias\", btoa(\"LeyTlRcYmi7xH4OfQUr0HKpH6YFrvCXRIlD\"));",
											"console.log(pm.environment.get(\"encodedAlias\"));",
											""
										],
										"type": "text/javascript"
									}
								}
							],
							"request": {
								"method": "POST",
								"header": [
									{
										"key": "Content-Type",
										"value": "application/json"
									}
								],
								"body": {
									"mode": "raw",
									"raw": "{\r\n    \"name\": \"Callbacks\",\r\n    \"attributes\": [\r\n        {\r\n            \"version\": \"0.2\",\r\n            \"event\": \"Callback\",\r\n            \"metaDataType\": \"string\",\r\n            \"metaData\": \"category\",\r\n            \"limit\": 100,\r\n            \"displayName\": \"Callbacks\",\r\n            \"lookBackDurationType\": \"minutes\",\r\n            \"lookBackPeriod\": 10,\r\n            \"aggregationMode\": \"Count\",\r\n            \"rules\": {\r\n                \"logic\": \"SINGLE\",\r\n                \"condition\": \"Callback,category,string,Value EQ Callback\"\r\n            },\r\n            \"widgetAttributes\": {\r\n                \"type\": \"table\"\r\n            },\r\n            \"verbose\": false\r\n        }\r\n    ]\r\n}"
								},
								"url": {
									"raw": "{{baseUrl}}/admin/v1/api/profile-view-template/workspace-id/{{workspaceId}}",
									"host": [
										"{{baseUrl}}"
									],
									"path": [
										"admin",
										"v1",
										"api",
										"profile-view-template",
										"workspace-id",
										"{{workspaceId}}"
									]
								}
							},
							"response": []
						},
						{
							"name": "Default entries",
							"request": {
								"method": "POST",
								"header": [
									{
										"key": "Content-Type",
										"value": "application/json"
									}
								],
								"body": {
									"mode": "raw",
									"raw": "{\n    \"id\": \"{{$guid}}\",\n    \"specversion\": \"1.0\",\n    \"type\": \"task:new\",\n    \"source\": \"test\",\n    \"identity\": \"{{Phone}}\",\n    \"identitytype\": \"phone\",\n    \"datacontenttype\": \"application/json\",\n    \"data\": {\n      \"origin\" : \"Generic Telephony Entry\",\n      \"channelType\": \"Telephony\"\n    }\n  }"
								},
								"url": {
									"raw": "{{baseUrl}}/publish/v1/api/event?workspaceId={{workspaceId}}",
									"host": [
										"{{baseUrl}}"
									],
									"path": [
										"publish",
										"v1",
										"api",
										"event"
									],
									"query": [
										{
											"key": "workspaceId",
											"value": "{{workspaceId}}"
										}
									]
								}
							},
							"response": []
						},
						{
							"name": "Default Get Progressive Template",
							"event": [
								{
									"listen": "prerequest",
									"script": {
										"exec": [
											""
										],
										"type": "text/javascript"
									}
								}
							],
							"protocolProfileBehavior": {
								"disableBodyPruning": true
							},
							"request": {
								"method": "GET",
								"header": [
									{
										"key": "Content-Type",
										"value": "application/json"
									}
								],
								"body": {
									"mode": "raw",
									"raw": ""
								},
								"url": {
									"raw": "{{baseUrl}}/v1/api/progressive-profile-view/workspace-id/{{workspaceId}}/person-id/{{PrimaryIdentity}}/template-id/Callbacks",
									"host": [
										"{{baseUrl}}"
									],
									"path": [
										"v1",
										"api",
										"progressive-profile-view",
										"workspace-id",
										"{{workspaceId}}",
										"person-id",
										"{{PrimaryIdentity}}",
										"template-id",
										"Callbacks"
									]
								}
							},
							"response": []
						}
					]
				},
				{
					"name": "Callback",
					"item": [
						{
							"name": "Callbacks Create Profile Template",
							"event": [
								{
									"listen": "prerequest",
									"script": {
										"exec": [
											"pm.environment.set(\"encodedAlias\", btoa(\"LeyTlRcYmi7xH4OfQUr0HKpH6YFrvCXRIlD\"));",
											"console.log(pm.environment.get(\"encodedAlias\"));",
											""
										],
										"type": "text/javascript"
									}
								}
							],
							"request": {
								"method": "POST",
								"header": [
									{
										"key": "Content-Type",
										"value": "application/json"
									}
								],
								"body": {
									"mode": "raw",
									"raw": "{\r\n    \"name\": \"Callbacks\",\r\n    \"attributes\": [\r\n        {\r\n            \"version\": \"0.2\",\r\n            \"event\": \"Callback\",\r\n            \"metaDataType\": \"string\",\r\n            \"metaData\": \"category\",\r\n            \"limit\": 100,\r\n            \"displayName\": \"Callbacks\",\r\n            \"lookBackDurationType\": \"minutes\",\r\n            \"lookBackPeriod\": 10,\r\n            \"aggregationMode\": \"Count\",\r\n            \"rules\": {\r\n                \"logic\": \"SINGLE\",\r\n                \"condition\": \"Callback,category,string,Value EQ Callback\"\r\n            },\r\n            \"widgetAttributes\": {\r\n                \"type\": \"table\"\r\n            },\r\n            \"verbose\": false\r\n        }\r\n    ]\r\n}"
								},
								"url": {
									"raw": "{{baseUrl}}/admin/v1/api/profile-view-template/workspace-id/{{workspaceId}}",
									"host": [
										"{{baseUrl}}"
									],
									"path": [
										"admin",
										"v1",
										"api",
										"profile-view-template",
										"workspace-id",
										"{{workspaceId}}"
									]
								}
							},
							"response": []
						},
						{
							"name": "Callback entries",
							"request": {
								"method": "POST",
								"header": [
									{
										"key": "Content-Type",
										"value": "application/json"
									}
								],
								"body": {
									"mode": "raw",
									"raw": "{  \"id\": \"{{$randomAlphaNumeric}}\",\n  \"specversion\": \"1.0\",\n  \"source\": \"IVR\",\n  \"type\": \"Callback\",\n  \"identity\": \"{{Phone}}\",\n  \"identitytype\": \"phone\",\n  \"datacontenttype\": \"application/json\",\n  \"data\": {\n    \"phone\": \"{{Phone}}\",\n    \"category\": \"Callback\",\n    \"channelType\": \"Callback\"\n}}\n\n"
								},
								"url": {
									"raw": "{{baseUrl}}/publish/v1/api/event?workspaceId={{workspaceId}}",
									"host": [
										"{{baseUrl}}"
									],
									"path": [
										"publish",
										"v1",
										"api",
										"event"
									],
									"query": [
										{
											"key": "workspaceId",
											"value": "{{workspaceId}}"
										}
									]
								}
							},
							"response": []
						},
						{
							"name": "Callback Get Progressive Template",
							"event": [
								{
									"listen": "prerequest",
									"script": {
										"exec": [
											""
										],
										"type": "text/javascript"
									}
								}
							],
							"protocolProfileBehavior": {
								"disableBodyPruning": true
							},
							"request": {
								"method": "GET",
								"header": [
									{
										"key": "Content-Type",
										"value": "application/json"
									}
								],
								"body": {
									"mode": "raw",
									"raw": ""
								},
								"url": {
									"raw": "{{baseUrl}}/v1/api/progressive-profile-view/workspace-id/{{workspaceId}}/person-id/{{PrimaryIdentity}}/template-id/Callbacks",
									"host": [
										"{{baseUrl}}"
									],
									"path": [
										"v1",
										"api",
										"progressive-profile-view",
										"workspace-id",
										"{{workspaceId}}",
										"person-id",
										"{{PrimaryIdentity}}",
										"template-id",
										"Callbacks"
									]
								}
							},
							"response": []
						}
					]
				},
				{
					"name": "Get all templates",
					"event": [
						{
							"listen": "prerequest",
							"script": {
								"exec": [
									""
								],
								"type": "text/javascript"
							}
						}
					],
					"protocolProfileBehavior": {
						"disableBodyPruning": true
					},
					"request": {
						"method": "GET",
						"header": [
							{
								"key": "Content-Type",
								"value": "application/json"
							}
						],
						"body": {
							"mode": "raw",
							"raw": ""
						},
						"url": {
							"raw": "{{baseUrl}}/admin/v1/api/profile-view-template/workspace-id/{{workspaceId}}",
							"host": [
								"{{baseUrl}}"
							],
							"path": [
								"admin",
								"v1",
								"api",
								"profile-view-template",
								"workspace-id",
								"{{workspaceId}}"
							]
						}
					},
					"response": []
				},
				{
					"name": "Delte TemplateID",
					"event": [
						{
							"listen": "prerequest",
							"script": {
								"exec": [
									"pm.environment.set(\"encodedAlias\", btoa(\"LeyTlRcYmi7xH4OfQUr0HKpH6YFrvCXRIlD\"));",
									"console.log(pm.environment.get(\"encodedAlias\"));",
									""
								],
								"type": "text/javascript"
							}
						}
					],
					"request": {
						"method": "DELETE",
						"header": [
							{
								"key": "Content-Type",
								"value": "application/json"
							}
						],
						"body": {
							"mode": "raw",
							"raw": "{\r\n    \"name\": \"Callbacks\",\r\n    \"attributes\": [\r\n        {\r\n            \"version\": \"0.2\",\r\n            \"event\": \"Callback\",\r\n            \"metaDataType\": \"string\",\r\n            \"metaData\": \"category\",\r\n            \"limit\": 100,\r\n            \"displayName\": \"Callbacks\",\r\n            \"lookBackDurationType\": \"minutes\",\r\n            \"lookBackPeriod\": 10,\r\n            \"aggregationMode\": \"Count\",\r\n            \"rules\": {\r\n                \"logic\": \"SINGLE\",\r\n                \"condition\": \"Callback,category,string,Value EQ Callback\"\r\n            },\r\n            \"widgetAttributes\": {\r\n                \"type\": \"table\"\r\n            },\r\n            \"verbose\": false\r\n        }\r\n    ]\r\n}"
						},
						"url": {
							"raw": "{{baseUrl}}/admin/v1/api/profile-view-template/workspace-id/{{workspaceId}}/template-id/{{TemplateID}}",
							"host": [
								"{{baseUrl}}"
							],
							"path": [
								"admin",
								"v1",
								"api",
								"profile-view-template",
								"workspace-id",
								"{{workspaceId}}",
								"template-id",
								"{{TemplateID}}"
							]
						}
					},
					"response": []
				}
			]
		},
		{
			"name": "Use case 6 = Action triggers",
			"item": [
				{
					"name": "Triggering WxConnect example",
					"item": [
						{
							"name": "Create Action Webhook",
							"request": {
								"method": "POST",
								"header": [],
								"body": {
									"mode": "raw",
									"raw": "{\n    \"name\": \"CallbackAction\",\n    \"cooldownPeriodInMinutes\": 1,\n    \"rules\": {\n        \"logic\": \"SINGLE\",\n        \"condition\": \"Callback,category,string,Count GT 3\"\n    },\n    \"actionTriggers\": [\n        {\n            \"type\": \"Webhook\",\n            \"webhookURL\": \"https://webhook.site/fdfc0457-8818-4aae-8df8-b23d96be5cb7\",\n            \"attributes\": {\n                \"httpverb\": \"post\",\n                \"requestbody\": \"{\\\"Caller\\\":\\\"+33666666601\\\",\\\"callID\\\":\\\"0001\\\",\\\"MessageToSend\\\":\\\"Too many callbacks\\\"}\"\n            }\n        }\n    ],\n    \"isActive\": true\n}",
									"options": {
										"raw": {
											"language": "json"
										}
									}
								},
								"url": {
									"raw": "https://api-jds.prod-useast1.ciscowxdap.com/admin/v1/api/journey-actions/workspace-id/{{workspaceId}}/template-id/{{TemplateID}}",
									"protocol": "https",
									"host": [
										"api-jds",
										"prod-useast1",
										"ciscowxdap",
										"com"
									],
									"path": [
										"admin",
										"v1",
										"api",
										"journey-actions",
										"workspace-id",
										"{{workspaceId}}",
										"template-id",
										"{{TemplateID}}"
									]
								}
							},
							"response": []
						},
						{
							"name": "Get Actions by template",
							"protocolProfileBehavior": {
								"disableBodyPruning": true
							},
							"request": {
								"method": "GET",
								"header": [],
								"body": {
									"mode": "raw",
									"raw": "",
									"options": {
										"raw": {
											"language": "json"
										}
									}
								},
								"url": {
									"raw": "{{baseUrl}}/admin/v1/api/journey-actions/workspace-id/{{workspaceId}}/template-id/{{TemplateID}}",
									"host": [
										"{{baseUrl}}"
									],
									"path": [
										"admin",
										"v1",
										"api",
										"journey-actions",
										"workspace-id",
										"{{workspaceId}}",
										"template-id",
										"{{TemplateID}}"
									]
								}
							},
							"response": []
						},
						{
							"name": "Get all Actions",
							"request": {
								"method": "GET",
								"header": [],
								"url": {
									"raw": "{{baseUrl}}/admin/v1/api/journey-actions/workspace-id/{{workspaceId}}",
									"host": [
										"{{baseUrl}}"
									],
									"path": [
										"admin",
										"v1",
										"api",
										"journey-actions",
										"workspace-id",
										"{{workspaceId}}"
									]
								}
							},
							"response": []
						},
						{
							"name": "Delete Action",
							"request": {
								"method": "DELETE",
								"header": [],
								"url": {
									"raw": "{{baseUrl}}/admin/v1/api/journey-actions/workspace-id/{{workspaceId}}/template-id/{{TemplateID}}/action-id/{{ActionID}}",
									"host": [
										"{{baseUrl}}"
									],
									"path": [
										"admin",
										"v1",
										"api",
										"journey-actions",
										"workspace-id",
										"{{workspaceId}}",
										"template-id",
										"{{TemplateID}}",
										"action-id",
										"{{ActionID}}"
									]
								}
							},
							"response": []
						}
					]
				}
			]
		},
		{
			"name": "Use case 7 = Event filtering",
			"item": [
				{
					"name": "Filter on specific JDS entries",
					"event": [
						{
							"listen": "prerequest",
							"script": {
								"exec": [
									"pm.environment.set(\"identity\", encodeURIComponent(\"+50612345601\"));",
									"console.log(pm.environment.get(\"identity\"));"
								],
								"type": "text/javascript"
							}
						}
					],
					"request": {
						"method": "GET",
						"header": [],
						"url": {
							"raw": "/v1/api/events/workspace-id/{{workspaceId}}?filter=source=='Email'",
							"path": [
								"v1",
								"api",
								"events",
								"workspace-id",
								"{{workspaceId}}"
							],
							"query": [
								{
									"key": "organizationId",
									"value": "1eb65fdf-9643-417f-9974-ad72cae0e10f",
									"disabled": true
								},
								{
									"key": "filter",
									"value": "createdBy%3D%3Dsatjonna%40cisco.com",
									"disabled": true
								},
								{
									"key": "sort",
									"value": "DESC",
									"disabled": true
								},
								{
									"key": "sortBy",
									"value": "updatedAt",
									"disabled": true
								},
								{
									"key": "pageSize",
									"value": "10",
									"disabled": true
								},
								{
									"key": "pageSize",
									"value": "1 \n",
									"disabled": true
								},
								{
									"key": "data",
									"value": "category=='Voice'",
									"disabled": true
								},
								{
									"key": "filter",
									"value": "type=='Callback'",
									"disabled": true
								},
								{
									"key": "filter",
									"value": "source=='Email'"
								}
							]
						}
					},
					"response": []
				}
			]
		},
		{
			"name": "Most useful",
			"item": [
				{
					"name": "Get all Identities",
					"event": [
						{
							"listen": "prerequest",
							"script": {
								"exec": [
									""
								],
								"type": "text/javascript"
							}
						}
					],
					"protocolProfileBehavior": {
						"disableBodyPruning": true
					},
					"request": {
						"method": "GET",
						"header": [
							{
								"key": "Content-Type",
								"value": "application/json"
							}
						],
						"body": {
							"mode": "raw",
							"raw": ""
						},
						"url": {
							"raw": "{{baseUrl}}/admin/v1/api/person/workspace-id/{{workspaceId}}",
							"host": [
								"{{baseUrl}}"
							],
							"path": [
								"admin",
								"v1",
								"api",
								"person",
								"workspace-id",
								"{{workspaceId}}"
							]
						}
					},
					"response": []
				},
				{
					"name": "Get Identity by ID",
					"event": [
						{
							"listen": "prerequest",
							"script": {
								"exec": [
									"pm.environment.set(\"identity\", encodeURIComponent(\"tayadi@cisco.com\"));\r",
									"console.log(pm.environment.get(\"identity\"));"
								],
								"type": "text/javascript"
							}
						}
					],
					"protocolProfileBehavior": {
						"disableBodyPruning": true
					},
					"request": {
						"method": "GET",
						"header": [
							{
								"key": "Content-Type",
								"value": "application/json"
							}
						],
						"body": {
							"mode": "raw",
							"raw": ""
						},
						"url": {
							"raw": "{{baseUrl}}/admin/v1/api/person/workspace-id/{{workspaceId}}/aliases/{{identity}}",
							"host": [
								"{{baseUrl}}"
							],
							"path": [
								"admin",
								"v1",
								"api",
								"person",
								"workspace-id",
								"{{workspaceId}}",
								"aliases",
								"{{identity}}"
							]
						}
					},
					"response": []
				},
				{
					"name": "Get History Stream",
					"event": [
						{
							"listen": "prerequest",
							"script": {
								"exec": [
									"pm.environment.set(\"identity\", encodeURIComponent(\"18495598991\"));",
									"console.log(pm.environment.get(\"identity\"));"
								],
								"type": "text/javascript"
							}
						},
						{
							"listen": "test",
							"script": {
								"exec": [
									""
								],
								"type": "text/javascript"
							}
						}
					],
					"protocolProfileBehavior": {
						"disableBodyPruning": true
					},
					"request": {
						"method": "GET",
						"header": [
							{
								"key": "Content-Type",
								"value": "application/json"
							}
						],
						"body": {
							"mode": "raw",
							"raw": ""
						},
						"url": {
							"raw": "{{baseUrl}}/v1/api/events/workspace-id/{{workspaceId}}",
							"host": [
								"{{baseUrl}}"
							],
							"path": [
								"v1",
								"api",
								"events",
								"workspace-id",
								"{{workspaceId}}"
							],
							"query": [
								{
									"key": "organizationId",
									"value": "1eb65fdf-9643-417f-9974-ad72cae0e10f",
									"disabled": true
								},
								{
									"key": "sortBy",
									"value": "identity",
									"disabled": true
								},
								{
									"key": "sort",
									"value": "desc",
									"disabled": true
								},
								{
									"key": "filter",
									"value": "identityType%3D%3D%27phone%27",
									"disabled": true
								},
								{
									"key": "data",
									"value": "agentid%3D%3D%273224343fddfdfdf%27",
									"disabled": true
								},
								{
									"key": "pageSize",
									"value": "10",
									"disabled": true
								}
							]
						}
					},
					"response": []
				},
				{
					"name": "Create customer X with email Copy",
					"request": {
						"method": "POST",
						"header": [
							{
								"key": "Content-Type",
								"value": "application/json"
							}
						],
						"body": {
							"mode": "raw",
							"raw": "{\r\n  \"firstName\": \"Customer\",\r\n  \"lastName\": \"X\",\r\n  \"email\": [\r\n    \"customerX@customers.com\",\r\n    \"customerX2@customers.com\"\r\n  ],\r\n    \"phone\": [\r\n    \"+506123456XX\",\r\n    \"+506123456XY\"\r\n  ],\r\n    \"customerId\": [\r\n    \"{{GUID}}\"\r\n  ]\r\n}"
						},
						"url": {
							"raw": "{{baseUrl}}/admin/v1/api/person/workspace-id/{{workspaceId}}",
							"host": [
								"{{baseUrl}}"
							],
							"path": [
								"admin",
								"v1",
								"api",
								"person",
								"workspace-id",
								"{{workspaceId}}"
							]
						}
					},
					"response": []
				},
				{
					"name": "Callbacks Create Profile Template Copy",
					"event": [
						{
							"listen": "prerequest",
							"script": {
								"exec": [
									"pm.environment.set(\"encodedAlias\", btoa(\"LeyTlRcYmi7xH4OfQUr0HKpH6YFrvCXRIlD\"));",
									"console.log(pm.environment.get(\"encodedAlias\"));",
									""
								],
								"type": "text/javascript"
							}
						}
					],
					"request": {
						"method": "POST",
						"header": [
							{
								"key": "Content-Type",
								"value": "application/json"
							}
						],
						"body": {
							"mode": "raw",
							"raw": "        {\r\n            \"name\": \"journey-default\",\r\n            \"attributes\": [\r\n                {\r\n                    \"version\": \"0.2\",\r\n                    \"event\": \"journey-default\",\r\n                    \"metaDataType\": \"string\",\r\n                    \"metaData\": \"origin\",\r\n                    \"limit\": 10000,\r\n                    \"displayName\": \"No of times contacted in the last 10 days\",\r\n                    \"lookBackDurationType\": \"days\",\r\n                    \"lookBackPeriod\": 10,\r\n                    \"aggregationMode\": \"Count\",\r\n                    \"rules\": null,\r\n                    \"widgetAttributes\": {\r\n                        \"type\": \"table\"\r\n                    },\r\n                    \"verbose\": true\r\n                },\r\n                {\r\n                    \"version\": \"0.2\",\r\n                    \"event\": \"journey-default\",\r\n                    \"metaDataType\": \"string\",\r\n                    \"metaData\": \"origin\",\r\n                    \"limit\": 10000,\r\n                    \"displayName\": \"No of times contacted in the last 24 hours\",\r\n                    \"lookBackDurationType\": \"days\",\r\n                    \"lookBackPeriod\": 24,\r\n                    \"aggregationMode\": \"Count\",\r\n                    \"rules\": null,\r\n                    \"widgetAttributes\": {\r\n                        \"type\": \"table\"\r\n                    },\r\n                    \"verbose\": true\r\n                }\r\n            ]\r\n        }"
						},
						"url": {
							"raw": "{{baseUrl}}/admin/v1/api/profile-view-template/workspace-id/{{workspaceId}}",
							"host": [
								"{{baseUrl}}"
							],
							"path": [
								"admin",
								"v1",
								"api",
								"profile-view-template",
								"workspace-id",
								"{{workspaceId}}"
							]
						}
					},
					"response": []
				},
				{
					"name": "DeleteIdentity variable",
					"request": {
						"method": "DELETE",
						"header": [
							{
								"key": "Content-Type",
								"value": "application/json"
							}
						],
						"body": {
							"mode": "raw",
							"raw": ""
						},
						"url": {
							"raw": "{{baseUrl}}/admin/v1/api/person/workspace-id/{{workspaceId}}/person-id/{{PrimaryIdentity}}",
							"host": [
								"{{baseUrl}}"
							],
							"path": [
								"admin",
								"v1",
								"api",
								"person",
								"workspace-id",
								"{{workspaceId}}",
								"person-id",
								"{{PrimaryIdentity}}"
							]
						}
					},
					"response": []
				},
				{
					"name": "Get Stream",
					"request": {
						"method": "GET",
						"header": [],
						"url": {
							"raw": "{{baseUrl}}/admin/v1/api/wxcc-subscription/workspace-id/{{workspaceId}}?organizationId={{Organisation_ID}}",
							"host": [
								"{{baseUrl}}"
							],
							"path": [
								"admin",
								"v1",
								"api",
								"wxcc-subscription",
								"workspace-id",
								"{{workspaceId}}"
							],
							"query": [
								{
									"key": "organizationId",
									"value": "{{Organisation_ID}}"
								}
							]
						}
					},
					"response": []
				}
			]
		},
		{
			"name": "Airtable",
			"item": [
				{
					"name": "List Records With phone filter",
					"request": {
						"auth": {
							"type": "bearer",
							"bearer": [
								{
									"key": "token",
									"value": "{{AirtableKey}}",
									"type": "string"
								}
							]
						},
						"method": "GET",
						"header": [],
						"url": {
							"raw": "https://api.airtable.com/v0/appeDporqdsKXs21x/tblr3idbO7kyY5HS3?view=Grid%20view",
							"protocol": "https",
							"host": [
								"api",
								"airtable",
								"com"
							],
							"path": [
								"v0",
								"appeDporqdsKXs21x",
								"tblr3idbO7kyY5HS3"
							],
							"query": [
								{
									"key": "view",
									"value": "Grid%20view"
								}
							]
						}
					},
					"response": [
						{
							"name": "List Records Sample",
							"originalRequest": {
								"method": "GET",
								"header": [],
								"url": {
									"raw": "https://api.airtable.com/v0/apppgheRFj0SFvgYs/Monitor?maxRecords=30&view=Grid%20view",
									"protocol": "https",
									"host": [
										"api",
										"airtable",
										"com"
									],
									"path": [
										"v0",
										"apppgheRFj0SFvgYs",
										"Monitor"
									],
									"query": [
										{
											"key": "maxRecords",
											"value": "30"
										},
										{
											"key": "view",
											"value": "Grid%20view"
										}
									]
								}
							},
							"status": "OK",
							"code": 200,
							"_postman_previewlanguage": "json",
							"header": [
								{
									"key": "access-control-allow-headers",
									"value": "authorization,content-length,content-type,user-agent,x-airtable-application-id,x-airtable-user-agent,x-api-version,x-requested-with"
								},
								{
									"key": "access-control-allow-methods",
									"value": "DELETE,GET,OPTIONS,PATCH,POST,PUT"
								},
								{
									"key": "access-control-allow-origin",
									"value": "*"
								},
								{
									"key": "airtable-uncompressed-content-length",
									"value": "3129"
								},
								{
									"key": "content-encoding",
									"value": "gzip"
								},
								{
									"key": "Content-Type",
									"value": "application/json; charset=utf-8"
								},
								{
									"key": "Date",
									"value": "Mon, 25 Apr 2022 19:42:34 GMT"
								},
								{
									"key": "Server",
									"value": "Tengine"
								},
								{
									"key": "Set-Cookie",
									"value": "brw=brwEZGTSgDm3G0TSG; path=/; expires=Tue, 25 Apr 2023 19:42:34 GMT; domain=.airtable.com; samesite=none; secure"
								},
								{
									"key": "Strict-Transport-Security",
									"value": "max-age=31536000; includeSubDomains; preload"
								},
								{
									"key": "Vary",
									"value": "Accept-Encoding"
								},
								{
									"key": "X-Content-Type-Options",
									"value": "nosniff"
								},
								{
									"key": "X-Frame-Options",
									"value": "DENY"
								},
								{
									"key": "Content-Length",
									"value": "1003"
								},
								{
									"key": "Connection",
									"value": "keep-alive"
								}
							],
							"cookie": [],
							"body": "{\n    \"records\": [\n        {\n            \"id\": \"reciBWsMKjpP0671R\",\n            \"createdTime\": \"2019-06-25T05:50:41.000Z\",\n            \"fields\": {\n                \"Ability through a Product Feature/Interface\": \"Z\",\n                \"Feature name\": \"Run Postman Collection on Schedule in Postman Cloud\",\n                \"Feature Introduction\": \"Postman is Introducing Monitoring to help you monitor your APIs better\"\n            }\n        },\n        {\n            \"id\": \"recdLIIZGqN8egq86\",\n            \"createdTime\": \"2019-06-25T05:50:41.000Z\",\n            \"fields\": {\n                \"Feature name\": \"Add and Edit Environments in your Monitor \"\n            }\n        },\n        {\n            \"id\": \"recU2bJKCSH0oI3v1\",\n            \"createdTime\": \"2019-06-25T05:50:41.000Z\",\n            \"fields\": {\n                \"Feature name\": \"Run Postman Collection in Specific Regions\"\n            }\n        },\n        {\n            \"id\": \"recdrCdInpTBQvPWk\",\n            \"createdTime\": \"2019-06-25T05:57:24.000Z\",\n            \"fields\": {\n                \"Feature name\": \"Notification for Run Failures and Errors\"\n            }\n        },\n        {\n            \"id\": \"recILxwK78HthjH3b\",\n            \"createdTime\": \"2019-06-25T05:57:25.000Z\",\n            \"fields\": {\n                \"Feature name\": \"Add Multiple Recipients to Receive Email Notification for Run Failures\"\n            }\n        },\n        {\n            \"id\": \"recb4By92n9KQEf6B\",\n            \"createdTime\": \"2019-06-25T05:57:26.000Z\",\n            \"fields\": {\n                \"Feature name\": \"Configure Request Timeout\"\n            }\n        },\n        {\n            \"id\": \"recsQjxCSoKFHApZJ\",\n            \"createdTime\": \"2019-06-25T05:57:27.000Z\",\n            \"fields\": {\n                \"Feature name\": \"Configure Delay between Requests\"\n            }\n        },\n        {\n            \"id\": \"recEili7kMuw2xw66\",\n            \"createdTime\": \"2019-06-27T11:51:59.000Z\",\n            \"fields\": {\n                \"Feature name\": \"Configure Redirect Behaviour\"\n            }\n        },\n        {\n            \"id\": \"recsAKvsl2QmibErx\",\n            \"createdTime\": \"2019-06-27T11:52:16.000Z\",\n            \"fields\": {\n                \"Feature name\": \"Configure SSL Validation\"\n            }\n        },\n        {\n            \"id\": \"recVVD86d5jsK9XrT\",\n            \"createdTime\": \"2019-06-27T11:53:20.000Z\",\n            \"fields\": {\n                \"Feature name\": \"Run Postman Monitor on a Static IP\"\n            }\n        },\n        {\n            \"id\": \"rece2E4fFUKL0ipdO\",\n            \"createdTime\": \"2019-06-27T11:54:40.000Z\",\n            \"fields\": {\n                \"Feature name\": \"Run Postman Collection on a Custom Cron Pattern via Postman API\"\n            }\n        },\n        {\n            \"id\": \"recO0h7e2zx6eda0m\",\n            \"createdTime\": \"2019-06-28T08:41:09.000Z\",\n            \"fields\": {\n                \"Feature name\": \"Run a Collection on Demand from Postman Web with Run Button\"\n            }\n        },\n        {\n            \"id\": \"recJyhIpqRzWgBNTf\",\n            \"createdTime\": \"2019-06-28T08:59:25.000Z\",\n            \"fields\": {\n                \"Feature name\": \"Visualise Response time for Run Summary of your Monitor for Specific Region\"\n            }\n        },\n        {\n            \"id\": \"recTSOfzrAEIdSKcj\",\n            \"createdTime\": \"2019-06-28T09:00:54.000Z\",\n            \"fields\": {\n                \"Feature name\": \"Visualise Response time for Run Summary of your Monitor for Specific Request\"\n            }\n        },\n        {\n            \"id\": \"recPjOfl2RLrcKXIS\",\n            \"createdTime\": \"2019-06-28T09:01:15.000Z\",\n            \"fields\": {\n                \"Feature name\": \"Visualise Average, Sum of, Minimum and Maximum for Response time of a Run\"\n            }\n        },\n        {\n            \"id\": \"recHo98s99kW335aq\",\n            \"createdTime\": \"2019-06-28T09:05:24.000Z\",\n            \"fields\": {\n                \"Feature name\": \"Visualise Response Time for each request with Request Split Mode\"\n            }\n        },\n        {\n            \"id\": \"recqJa28xtezV8jee\",\n            \"createdTime\": \"2019-06-28T09:06:02.000Z\",\n            \"fields\": {\n                \"Feature name\": \"View Test Results for the Collection Run in Postman Web\"\n            }\n        },\n        {\n            \"id\": \"recG5gCIBOO0QPM2V\",\n            \"createdTime\": \"2019-06-28T09:06:29.000Z\",\n            \"fields\": {\n                \"Feature name\": \"View Console Logs for Collection Run in Postman Web\"\n            }\n        },\n        {\n            \"id\": \"recyzppwKMuyYTiNS\",\n            \"createdTime\": \"2019-06-28T09:10:53.000Z\",\n            \"fields\": {}\n        },\n        {\n            \"id\": \"recdJ7OJlqvkWGprl\",\n            \"createdTime\": \"2019-06-28T09:10:55.000Z\",\n            \"fields\": {}\n        },\n        {\n            \"id\": \"recudw8BFiAG16fBO\",\n            \"createdTime\": \"2019-06-28T09:10:55.000Z\",\n            \"fields\": {}\n        },\n        {\n            \"id\": \"recKRUnbzCkSbd1RP\",\n            \"createdTime\": \"2019-06-28T09:10:56.000Z\",\n            \"fields\": {}\n        }\n    ]\n}"
						}
					]
				},
				{
					"name": "List Records With phone destined for Flow",
					"request": {
						"auth": {
							"type": "bearer",
							"bearer": [
								{
									"key": "token",
									"value": "{{api_key}}",
									"type": "string"
								}
							]
						},
						"method": "GET",
						"header": [],
						"url": {
							"raw": "https://api.airtable.com/v0/appeDporqdsKXs21x/tblr3idbO7kyY5HS3?view=Grid%20view&filterByFormula=({Phone}='%2B50612345601')",
							"protocol": "https",
							"host": [
								"api",
								"airtable",
								"com"
							],
							"path": [
								"v0",
								"appeDporqdsKXs21x",
								"tblr3idbO7kyY5HS3"
							],
							"query": [
								{
									"key": "view",
									"value": "Grid%20view"
								},
								{
									"key": "filterByFormula",
									"value": "({Phone}='%2B50612345601')"
								}
							]
						}
					},
					"response": [
						{
							"name": "List Records Sample",
							"originalRequest": {
								"method": "GET",
								"header": [],
								"url": {
									"raw": "https://api.airtable.com/v0/apppgheRFj0SFvgYs/Monitor?maxRecords=30&view=Grid%20view",
									"protocol": "https",
									"host": [
										"api",
										"airtable",
										"com"
									],
									"path": [
										"v0",
										"apppgheRFj0SFvgYs",
										"Monitor"
									],
									"query": [
										{
											"key": "maxRecords",
											"value": "30"
										},
										{
											"key": "view",
											"value": "Grid%20view"
										}
									]
								}
							},
							"status": "OK",
							"code": 200,
							"_postman_previewlanguage": "json",
							"header": [
								{
									"key": "access-control-allow-headers",
									"value": "authorization,content-length,content-type,user-agent,x-airtable-application-id,x-airtable-user-agent,x-api-version,x-requested-with"
								},
								{
									"key": "access-control-allow-methods",
									"value": "DELETE,GET,OPTIONS,PATCH,POST,PUT"
								},
								{
									"key": "access-control-allow-origin",
									"value": "*"
								},
								{
									"key": "airtable-uncompressed-content-length",
									"value": "3129"
								},
								{
									"key": "content-encoding",
									"value": "gzip"
								},
								{
									"key": "Content-Type",
									"value": "application/json; charset=utf-8"
								},
								{
									"key": "Date",
									"value": "Mon, 25 Apr 2022 19:42:34 GMT"
								},
								{
									"key": "Server",
									"value": "Tengine"
								},
								{
									"key": "Set-Cookie",
									"value": "brw=brwEZGTSgDm3G0TSG; path=/; expires=Tue, 25 Apr 2023 19:42:34 GMT; domain=.airtable.com; samesite=none; secure"
								},
								{
									"key": "Strict-Transport-Security",
									"value": "max-age=31536000; includeSubDomains; preload"
								},
								{
									"key": "Vary",
									"value": "Accept-Encoding"
								},
								{
									"key": "X-Content-Type-Options",
									"value": "nosniff"
								},
								{
									"key": "X-Frame-Options",
									"value": "DENY"
								},
								{
									"key": "Content-Length",
									"value": "1003"
								},
								{
									"key": "Connection",
									"value": "keep-alive"
								}
							],
							"cookie": [],
							"body": "{\n    \"records\": [\n        {\n            \"id\": \"reciBWsMKjpP0671R\",\n            \"createdTime\": \"2019-06-25T05:50:41.000Z\",\n            \"fields\": {\n                \"Ability through a Product Feature/Interface\": \"Z\",\n                \"Feature name\": \"Run Postman Collection on Schedule in Postman Cloud\",\n                \"Feature Introduction\": \"Postman is Introducing Monitoring to help you monitor your APIs better\"\n            }\n        },\n        {\n            \"id\": \"recdLIIZGqN8egq86\",\n            \"createdTime\": \"2019-06-25T05:50:41.000Z\",\n            \"fields\": {\n                \"Feature name\": \"Add and Edit Environments in your Monitor \"\n            }\n        },\n        {\n            \"id\": \"recU2bJKCSH0oI3v1\",\n            \"createdTime\": \"2019-06-25T05:50:41.000Z\",\n            \"fields\": {\n                \"Feature name\": \"Run Postman Collection in Specific Regions\"\n            }\n        },\n        {\n            \"id\": \"recdrCdInpTBQvPWk\",\n            \"createdTime\": \"2019-06-25T05:57:24.000Z\",\n            \"fields\": {\n                \"Feature name\": \"Notification for Run Failures and Errors\"\n            }\n        },\n        {\n            \"id\": \"recILxwK78HthjH3b\",\n            \"createdTime\": \"2019-06-25T05:57:25.000Z\",\n            \"fields\": {\n                \"Feature name\": \"Add Multiple Recipients to Receive Email Notification for Run Failures\"\n            }\n        },\n        {\n            \"id\": \"recb4By92n9KQEf6B\",\n            \"createdTime\": \"2019-06-25T05:57:26.000Z\",\n            \"fields\": {\n                \"Feature name\": \"Configure Request Timeout\"\n            }\n        },\n        {\n            \"id\": \"recsQjxCSoKFHApZJ\",\n            \"createdTime\": \"2019-06-25T05:57:27.000Z\",\n            \"fields\": {\n                \"Feature name\": \"Configure Delay between Requests\"\n            }\n        },\n        {\n            \"id\": \"recEili7kMuw2xw66\",\n            \"createdTime\": \"2019-06-27T11:51:59.000Z\",\n            \"fields\": {\n                \"Feature name\": \"Configure Redirect Behaviour\"\n            }\n        },\n        {\n            \"id\": \"recsAKvsl2QmibErx\",\n            \"createdTime\": \"2019-06-27T11:52:16.000Z\",\n            \"fields\": {\n                \"Feature name\": \"Configure SSL Validation\"\n            }\n        },\n        {\n            \"id\": \"recVVD86d5jsK9XrT\",\n            \"createdTime\": \"2019-06-27T11:53:20.000Z\",\n            \"fields\": {\n                \"Feature name\": \"Run Postman Monitor on a Static IP\"\n            }\n        },\n        {\n            \"id\": \"rece2E4fFUKL0ipdO\",\n            \"createdTime\": \"2019-06-27T11:54:40.000Z\",\n            \"fields\": {\n                \"Feature name\": \"Run Postman Collection on a Custom Cron Pattern via Postman API\"\n            }\n        },\n        {\n            \"id\": \"recO0h7e2zx6eda0m\",\n            \"createdTime\": \"2019-06-28T08:41:09.000Z\",\n            \"fields\": {\n                \"Feature name\": \"Run a Collection on Demand from Postman Web with Run Button\"\n            }\n        },\n        {\n            \"id\": \"recJyhIpqRzWgBNTf\",\n            \"createdTime\": \"2019-06-28T08:59:25.000Z\",\n            \"fields\": {\n                \"Feature name\": \"Visualise Response time for Run Summary of your Monitor for Specific Region\"\n            }\n        },\n        {\n            \"id\": \"recTSOfzrAEIdSKcj\",\n            \"createdTime\": \"2019-06-28T09:00:54.000Z\",\n            \"fields\": {\n                \"Feature name\": \"Visualise Response time for Run Summary of your Monitor for Specific Request\"\n            }\n        },\n        {\n            \"id\": \"recPjOfl2RLrcKXIS\",\n            \"createdTime\": \"2019-06-28T09:01:15.000Z\",\n            \"fields\": {\n                \"Feature name\": \"Visualise Average, Sum of, Minimum and Maximum for Response time of a Run\"\n            }\n        },\n        {\n            \"id\": \"recHo98s99kW335aq\",\n            \"createdTime\": \"2019-06-28T09:05:24.000Z\",\n            \"fields\": {\n                \"Feature name\": \"Visualise Response Time for each request with Request Split Mode\"\n            }\n        },\n        {\n            \"id\": \"recqJa28xtezV8jee\",\n            \"createdTime\": \"2019-06-28T09:06:02.000Z\",\n            \"fields\": {\n                \"Feature name\": \"View Test Results for the Collection Run in Postman Web\"\n            }\n        },\n        {\n            \"id\": \"recG5gCIBOO0QPM2V\",\n            \"createdTime\": \"2019-06-28T09:06:29.000Z\",\n            \"fields\": {\n                \"Feature name\": \"View Console Logs for Collection Run in Postman Web\"\n            }\n        },\n        {\n            \"id\": \"recyzppwKMuyYTiNS\",\n            \"createdTime\": \"2019-06-28T09:10:53.000Z\",\n            \"fields\": {}\n        },\n        {\n            \"id\": \"recdJ7OJlqvkWGprl\",\n            \"createdTime\": \"2019-06-28T09:10:55.000Z\",\n            \"fields\": {}\n        },\n        {\n            \"id\": \"recudw8BFiAG16fBO\",\n            \"createdTime\": \"2019-06-28T09:10:55.000Z\",\n            \"fields\": {}\n        },\n        {\n            \"id\": \"recKRUnbzCkSbd1RP\",\n            \"createdTime\": \"2019-06-28T09:10:56.000Z\",\n            \"fields\": {}\n        }\n    ]\n}"
						}
					]
				},
				{
					"name": "List Records With account number for flow",
					"request": {
						"auth": {
							"type": "bearer",
							"bearer": [
								{
									"key": "token",
									"value": "{{api_key}}",
									"type": "string"
								}
							]
						},
						"method": "GET",
						"header": [],
						"url": {
							"raw": "https://api.airtable.com/v0/appeDporqdsKXs21x/tblr3idbO7kyY5HS3?view=Grid%20view&filterByFormula=({Phone}='%2B13058506596')",
							"protocol": "https",
							"host": [
								"api",
								"airtable",
								"com"
							],
							"path": [
								"v0",
								"appeDporqdsKXs21x",
								"tblr3idbO7kyY5HS3"
							],
							"query": [
								{
									"key": "view",
									"value": "Grid%20view"
								},
								{
									"key": "filterByFormula",
									"value": "({Phone}='%2B13058506596')"
								}
							]
						}
					},
					"response": [
						{
							"name": "List Records Sample",
							"originalRequest": {
								"method": "GET",
								"header": [],
								"url": {
									"raw": "https://api.airtable.com/v0/apppgheRFj0SFvgYs/Monitor?maxRecords=30&view=Grid%20view",
									"protocol": "https",
									"host": [
										"api",
										"airtable",
										"com"
									],
									"path": [
										"v0",
										"apppgheRFj0SFvgYs",
										"Monitor"
									],
									"query": [
										{
											"key": "maxRecords",
											"value": "30"
										},
										{
											"key": "view",
											"value": "Grid%20view"
										}
									]
								}
							},
							"status": "OK",
							"code": 200,
							"_postman_previewlanguage": "json",
							"header": [
								{
									"key": "access-control-allow-headers",
									"value": "authorization,content-length,content-type,user-agent,x-airtable-application-id,x-airtable-user-agent,x-api-version,x-requested-with"
								},
								{
									"key": "access-control-allow-methods",
									"value": "DELETE,GET,OPTIONS,PATCH,POST,PUT"
								},
								{
									"key": "access-control-allow-origin",
									"value": "*"
								},
								{
									"key": "airtable-uncompressed-content-length",
									"value": "3129"
								},
								{
									"key": "content-encoding",
									"value": "gzip"
								},
								{
									"key": "Content-Type",
									"value": "application/json; charset=utf-8"
								},
								{
									"key": "Date",
									"value": "Mon, 25 Apr 2022 19:42:34 GMT"
								},
								{
									"key": "Server",
									"value": "Tengine"
								},
								{
									"key": "Set-Cookie",
									"value": "brw=brwEZGTSgDm3G0TSG; path=/; expires=Tue, 25 Apr 2023 19:42:34 GMT; domain=.airtable.com; samesite=none; secure"
								},
								{
									"key": "Strict-Transport-Security",
									"value": "max-age=31536000; includeSubDomains; preload"
								},
								{
									"key": "Vary",
									"value": "Accept-Encoding"
								},
								{
									"key": "X-Content-Type-Options",
									"value": "nosniff"
								},
								{
									"key": "X-Frame-Options",
									"value": "DENY"
								},
								{
									"key": "Content-Length",
									"value": "1003"
								},
								{
									"key": "Connection",
									"value": "keep-alive"
								}
							],
							"cookie": [],
							"body": "{\n    \"records\": [\n        {\n            \"id\": \"reciBWsMKjpP0671R\",\n            \"createdTime\": \"2019-06-25T05:50:41.000Z\",\n            \"fields\": {\n                \"Ability through a Product Feature/Interface\": \"Z\",\n                \"Feature name\": \"Run Postman Collection on Schedule in Postman Cloud\",\n                \"Feature Introduction\": \"Postman is Introducing Monitoring to help you monitor your APIs better\"\n            }\n        },\n        {\n            \"id\": \"recdLIIZGqN8egq86\",\n            \"createdTime\": \"2019-06-25T05:50:41.000Z\",\n            \"fields\": {\n                \"Feature name\": \"Add and Edit Environments in your Monitor \"\n            }\n        },\n        {\n            \"id\": \"recU2bJKCSH0oI3v1\",\n            \"createdTime\": \"2019-06-25T05:50:41.000Z\",\n            \"fields\": {\n                \"Feature name\": \"Run Postman Collection in Specific Regions\"\n            }\n        },\n        {\n            \"id\": \"recdrCdInpTBQvPWk\",\n            \"createdTime\": \"2019-06-25T05:57:24.000Z\",\n            \"fields\": {\n                \"Feature name\": \"Notification for Run Failures and Errors\"\n            }\n        },\n        {\n            \"id\": \"recILxwK78HthjH3b\",\n            \"createdTime\": \"2019-06-25T05:57:25.000Z\",\n            \"fields\": {\n                \"Feature name\": \"Add Multiple Recipients to Receive Email Notification for Run Failures\"\n            }\n        },\n        {\n            \"id\": \"recb4By92n9KQEf6B\",\n            \"createdTime\": \"2019-06-25T05:57:26.000Z\",\n            \"fields\": {\n                \"Feature name\": \"Configure Request Timeout\"\n            }\n        },\n        {\n            \"id\": \"recsQjxCSoKFHApZJ\",\n            \"createdTime\": \"2019-06-25T05:57:27.000Z\",\n            \"fields\": {\n                \"Feature name\": \"Configure Delay between Requests\"\n            }\n        },\n        {\n            \"id\": \"recEili7kMuw2xw66\",\n            \"createdTime\": \"2019-06-27T11:51:59.000Z\",\n            \"fields\": {\n                \"Feature name\": \"Configure Redirect Behaviour\"\n            }\n        },\n        {\n            \"id\": \"recsAKvsl2QmibErx\",\n            \"createdTime\": \"2019-06-27T11:52:16.000Z\",\n            \"fields\": {\n                \"Feature name\": \"Configure SSL Validation\"\n            }\n        },\n        {\n            \"id\": \"recVVD86d5jsK9XrT\",\n            \"createdTime\": \"2019-06-27T11:53:20.000Z\",\n            \"fields\": {\n                \"Feature name\": \"Run Postman Monitor on a Static IP\"\n            }\n        },\n        {\n            \"id\": \"rece2E4fFUKL0ipdO\",\n            \"createdTime\": \"2019-06-27T11:54:40.000Z\",\n            \"fields\": {\n                \"Feature name\": \"Run Postman Collection on a Custom Cron Pattern via Postman API\"\n            }\n        },\n        {\n            \"id\": \"recO0h7e2zx6eda0m\",\n            \"createdTime\": \"2019-06-28T08:41:09.000Z\",\n            \"fields\": {\n                \"Feature name\": \"Run a Collection on Demand from Postman Web with Run Button\"\n            }\n        },\n        {\n            \"id\": \"recJyhIpqRzWgBNTf\",\n            \"createdTime\": \"2019-06-28T08:59:25.000Z\",\n            \"fields\": {\n                \"Feature name\": \"Visualise Response time for Run Summary of your Monitor for Specific Region\"\n            }\n        },\n        {\n            \"id\": \"recTSOfzrAEIdSKcj\",\n            \"createdTime\": \"2019-06-28T09:00:54.000Z\",\n            \"fields\": {\n                \"Feature name\": \"Visualise Response time for Run Summary of your Monitor for Specific Request\"\n            }\n        },\n        {\n            \"id\": \"recPjOfl2RLrcKXIS\",\n            \"createdTime\": \"2019-06-28T09:01:15.000Z\",\n            \"fields\": {\n                \"Feature name\": \"Visualise Average, Sum of, Minimum and Maximum for Response time of a Run\"\n            }\n        },\n        {\n            \"id\": \"recHo98s99kW335aq\",\n            \"createdTime\": \"2019-06-28T09:05:24.000Z\",\n            \"fields\": {\n                \"Feature name\": \"Visualise Response Time for each request with Request Split Mode\"\n            }\n        },\n        {\n            \"id\": \"recqJa28xtezV8jee\",\n            \"createdTime\": \"2019-06-28T09:06:02.000Z\",\n            \"fields\": {\n                \"Feature name\": \"View Test Results for the Collection Run in Postman Web\"\n            }\n        },\n        {\n            \"id\": \"recG5gCIBOO0QPM2V\",\n            \"createdTime\": \"2019-06-28T09:06:29.000Z\",\n            \"fields\": {\n                \"Feature name\": \"View Console Logs for Collection Run in Postman Web\"\n            }\n        },\n        {\n            \"id\": \"recyzppwKMuyYTiNS\",\n            \"createdTime\": \"2019-06-28T09:10:53.000Z\",\n            \"fields\": {}\n        },\n        {\n            \"id\": \"recdJ7OJlqvkWGprl\",\n            \"createdTime\": \"2019-06-28T09:10:55.000Z\",\n            \"fields\": {}\n        },\n        {\n            \"id\": \"recudw8BFiAG16fBO\",\n            \"createdTime\": \"2019-06-28T09:10:55.000Z\",\n            \"fields\": {}\n        },\n        {\n            \"id\": \"recKRUnbzCkSbd1RP\",\n            \"createdTime\": \"2019-06-28T09:10:56.000Z\",\n            \"fields\": {}\n        }\n    ]\n}"
						}
					]
				}
			]
		}
	],
	"auth": {
		"type": "oauth2",
		"oauth2": [
			{
				"key": "tokenType",
				"value": "Bearer",
				"type": "string"
			},
			{
				"key": "accessToken",
				"value": "NTgxYjgwN2ItMzA0My00ZDZiLWE5ZDEtZTJhYzYxOGZhYjQwNWMzMGI1NzUtZWQ3_PF84_e06495d0-8a38-4682-b391-7f78381fe9db",
				"type": "string"
			},
			{
				"key": "accessTokenUrl",
				"value": "https://webexapis.com/v1/access_token",
				"type": "string"
			},
			{
				"key": "authUrl",
				"value": "https://webexapis.com/v1/authorize",
				"type": "string"
			},
			{
				"key": "redirect_uri",
				"value": "https://oauth.pstmn.io/v1/callback",
				"type": "string"
			},
			{
				"key": "clientSecret",
				"value": "{{Client_Secret}}",
				"type": "string"
			},
			{
				"key": "clientId",
				"value": "{{Client_ID}}",
				"type": "string"
			},
			{
				"key": "tokenName",
				"value": "JDS_Token",
				"type": "string"
			},
			{
				"key": "scope",
				"value": "cjp:config cjp:config_read cjp:config_write",
				"type": "string"
			},
			{
				"key": "useBrowser",
				"value": false,
				"type": "boolean"
			},
			{
				"key": "client_authentication",
				"value": "body",
				"type": "string"
			},
			{
				"key": "state",
				"value": "new",
				"type": "string"
			},
			{
				"key": "addTokenTo",
				"value": "header",
				"type": "string"
			}
		]
	},
	"event": [
		{
			"listen": "prerequest",
			"script": {
				"type": "text/javascript",
				"exec": [
					""
				]
			}
		},
		{
			"listen": "test",
			"script": {
				"type": "text/javascript",
				"exec": [
					""
				]
			}
		}
	],
	"variable": [
		{
			"key": "Client_ID",
			"value": "Ce0a3f6792338fa2d281adab70408b7fe240548e9875d3fd31158b3279ea20e43",
			"type": "string"
		},
		{
			"key": "Client_Secret",
			"value": "1a29d455c24d974c812a544a2e439067c3f672ecd50cb2b3c082fd8363148072",
			"type": "string"
		},
		{
			"key": "Organisation_ID",
			"value": "e06495d0-8a38-4682-b391-7f78381fe9db",
			"type": "string"
		},
		{
			"key": "workspaceId",
			"value": "64e3172fc9e2703e990f7421",
			"type": "string"
		},
		{
			"key": "baseUrl",
			"value": "https://api-jds.prod-useast1.ciscowxdap.com",
			"type": "string"
		}
	]
}