{
	"id": "dc513545-797f-49bc-ae53-7397a7affd9a",
	"name": "JDS variables",
	"values": [
		{
			"key": "FirstName",
			"value": "Customer",
			"type": "default",
			"enabled": true
		},
		{
			"key": "LastName",
			"value": "XX",
			"type": "default",
			"enabled": true
		},
		{
			"key": "Email",
			"value": "customerXX@customers.com",
			"type": "default",
			"enabled": true
		},
		{
			"key": "Phone",
			"value": "+XXXXXXXXXXX",
			"type": "default",
			"enabled": true
		},
		{
			"key": "PrimaryIdentity",
			"value": "",
			"type": "default",
			"enabled": true
		},
		{
			"key": "SecondaryIdentity",
			"value": "",
			"type": "default",
			"enabled": true
		},
		{
			"key": "encodedIdentity",
			"value": "",
			"type": "any",
			"enabled": true
		},
		{
			"key": "encodedAlias",
			"value": "",
			"type": "any",
			"enabled": true
		},
		{
			"key": "phoneEnc",
			"value": "",
			"type": "any",
			"enabled": true
		},
		{
			"key": "identity",
			"value": "",
			"type": "any",
			"enabled": true
		},
		{
			"key": "AirtableKey",
			"value": "",
			"type": "default",
			"enabled": true
		},
		{
			"key": "DeleteIdentity",
			"value": "",
			"type": "default",
			"enabled": true
		},
		{
			"key": "TemplateID",
			"value": "",
			"type": "default",
			"enabled": true
		},
		{
			"key": "ActionID",
			"value": "",
			"type": "default",
			"enabled": true
		},
		{
			"key": "workspaceId",
			"value": "",
			"type": "default",
			"enabled": true
		}
	],
	"_postman_variable_scope": "environment",
	"_postman_exported_at": "2023-11-21T14:42:18.149Z",
	"_postman_exported_using": "Postman/9.31.27"
}