{
    "version": "0.0.7",
    "appTitle": "Contact Center Desktop",
    "logo": "",
    "dragDropEnabled": false,
    "notificationTimer": 8,
    "maximumNotificationCount": 3,
    "browserNotificationTimer": 8,
    "wxmConfigured": false,
    "desktopChatApp": {
        "webexConfigured": false
    },
    "area": {
        "advancedHeader": [
            {
                "comp": "agentx-webex"
            },
            {
                "comp": "agentx-outdial"
            },
            {
                "comp": "agentx-notification"
            },
            {
                "comp": "agentx-state-selector"
            }
        ],
        "headless": {
            "id": "dw-headless",
            "widgets": {
                "comp1": {
                    "comp": "div"
                }
            },
            "layout": {
                "areas": [
                    [
                        "comp1"
                    ]
                ],
                "size": {
                    "cols": [
                        1
                    ],
                    "rows": [
                        1
                    ]
                }
            }
        },
        "panel": {
            "comp": "md-tabs",
            "attributes": {
                "class": "widget-tabs"
            },
            "children": [
                {
                    "comp": "md-tab",
                    "attributes": {
                        "slot": "tab",
                        "class": "widget-pane-tab"
                    },
                    "children": [
                        {
                            "comp": "slot",
                            "attributes": {
                                "name": "IVR_TRANSCRIPT_TAB"
                            }
                        }
                    ],
                    "visibility": "IVR_TRANSCRIPT"
                },
                {
                    "comp": "md-tab-panel",
                    "attributes": {
                        "slot": "panel",
                        "class": "widget-pane"
                    },
                    "children": [
                        {
                            "comp": "slot",
                            "attributes": {
                                "name": "IVR_TRANSCRIPT"
                            }
                        }
                    ],
                    "visibility": "IVR_TRANSCRIPT"
                },
                {
                    "comp": "md-tab",
                    "attributes": {
                        "slot": "tab"
                    },
                    "children": [
                        {
                            "comp": "slot",
                            "attributes": {
                                "name": "WXM_JOURNEY_TAB"
                            }
                        }
                    ],
                    "visibility": "WXM_JOURNEY"
                },
                {
                    "comp": "md-tab",
                    "attributes": { "slot": "tab", "class": "widget-pane-tab" },
                    "children": [{ "comp": "span", "textContent": "Customer Journey" }]
                  },
                  {
                    "comp": "md-tab-panel",
                    "attributes": {
                      "slot": "panel",
                      "class": "widget-pane"
                    },
                    "children": [
                      {
                        "comp": "customer-journey-widget",
                        "script": "https://cjaas.cisco.com/widgets/customer-journey-9.0.0.js",
                        "attributes": {
                          "base-url": "https://api-jds.prod-useast1.ciscowxdap.com",
                          "logs-on": "true",
                          "project-id": "64e3172fc9e2703e990f7421",
                          "template-id": "Callbacks",
                          "icon-data-path": "https://lavish-noisy-impatiens.glitch.me/icons.json",
                          "limit": "50",
                          "time-frame": "All",
                          "live-stream": "true"
                        },
                        "properties": {
                          "interactionData": "$STORE.agentContact.taskSelected",
                          "bearerToken": "$STORE.auth.accessToken",
                          "organizationId": "$STORE.agentContact.taskSelected.orgId"
                        },
                        "wrapper": {
                          "title": "Customer Journey Widget",
                          "maximizeAreaName": "app-maximize-area"
                        }
                      }
                    ]
                  },   
                {
                    "comp": "md-tab-panel",
                    "attributes": {
                        "slot": "panel",
                        "class": "widget-pane"
                    },
                    "children": [
                        {
                            "comp": "agentx-wc-cloudcherry-widget",
                            "properties": {
                                "userModel": "$STORE.app.userModel",
                                "spaceId": "",
                                "metricsId": "",
                                "teamId": "$STORE.agent.teamName",
                                "ani": "$STORE.agentContact.taskSelected.ani",
                                "isDarkMode": "$STORE.app.darkMode"
                            },
                            "wrapper": {
                                "title": "Customer Experience Journey",
                                "maximizeAreaName": "app-maximize-area"
                            }
                        }
                    ],
                    "visibility": "WXM_JOURNEY"
                },
                {
                    "comp": "md-tab",
                    "attributes": {
                        "slot": "tab",
                        "class": "widget-pane-tab"
                    },
                    "children": [
                        {
                            "comp": "slot",
                            "attributes": {
                                "name": "CONTACT_HISTORY_TAB"
                            }
                        }
                    ]
                },
                {
                    "comp": "md-tab-panel",
                    "attributes": {
                        "slot": "panel",
                        "class": "widget-pane"
                    },
                    "children": [
                        {
                            "comp": "slot",
                            "attributes": {
                                "name": "CONTACT_HISTORY"
                            }
                        }
                    ]
                },
                {
                    "comp": "md-tab",
                    "attributes": {
                        "slot": "tab",
                        "class": "widget-pane-tab"
                    },
                    "children": [
                        {
                            "comp": "slot",
                            "attributes": {
                                "name": "SCREEN_POP_TAB"
                            }
                        }
                    ],
                    "visibility": "SCREEN_POP"
                },
                {
                    "comp": "md-tab-panel",
                    "attributes": {
                        "slot": "panel",
                        "class": "widget-pane"
                    },
                    "children": [
                        {
                            "comp": "slot",
                            "attributes": {
                                "name": "SCREEN_POP"
                            }
                        }
                    ],
                    "visibility": "SCREEN_POP"
                }
            ]
        },
        "navigation": [
            {
                "nav": {
                    "label": "Customer Experience Analytics",
                    "icon": "/app/images/wxm.bcd45cc3.svg",
                    "iconType": "other",
                    "navigateTo": "wxm-metrics",
                    "align": "top"
                },
                "page": {
                    "id": "wxm-metrics",
                    "widgets": {
                        "comp1": {
                            "comp": "agentx-wc-cloudcherry-widget",
                            "attributes": {
                                "metrics": true
                            },
                            "properties": {
                                "userModel": "$STORE.app.userModel",
                                "spaceId": "",
                                "metricsId": "",
                                "teamId": "$STORE.agent.teamName",
                                "isDarkMode": "$STORE.app.darkMode"
                            }
                        }
                    },
                    "layout": {
                        "areas": [
                            [
                                "comp1"
                            ]
                        ],
                        "size": {
                            "cols": [
                                1
                            ],
                            "rows": [
                                1
                            ]
                        }
                    }
                },
                "visibility": "WXM_METRICS"
            },
            {
                "nav": {
                  "label": "JDS System Widget",
                  "icon": "https://static.thenounproject.com/png/508797-200.png",
                  "iconType": "other",
                  "navigateTo": "CustomNav6",
                  "align": "top"
                },
                "page": {
                  "id": "customNav6",
                  "widgets": {
                    "right": {
                        "comp": "customer-journey-widget",
                        "script": "https://cjaas.cisco.com/widgets/customer-journey-9.0.0.js",
                        "attributes": {
                          "base-url": "https://api-jds.prod-useast1.ciscowxdap.com",
                          "logs-on": "true",
                          "project-id": "64e3172fc9e2703e990f7421",
                          "template-id": "Callbacks",
                          "icon-data-path": "https://lavish-noisy-impatiens.glitch.me/icons.json",
                          "limit": "50",
                          "time-frame": "All",
                          "live-stream": "true"
                        },
                        "properties": {
                          "interactionData": "$STORE.agentContact.taskSelected",
                          "bearerToken": "$STORE.auth.accessToken",
                          "organizationId": "e06495d0-8a38-4682-b391-7f78381fe9db"
                        },
                        "wrapper": {
                          "title": "Customer Journey Widget",
                          "maximizeAreaName": "app-maximize-area"
                        }
                      }
                  },
                  "layout": {
                    "areas": [["right"]],
                    "size": {
                      "cols": [1],
                      "rows": [1]
                    }
                  }
                }
              }
        ]
    }
}