{"orgId":"e56f00d4-98d8-4b62-a165-d05a41243d98","version":19,"id":"655774dbab20f501d3931168","flowType":"FLOW","name":"JDS_UseCase2_Airtable_Tarek","description":"","comment":"","variables":[{"name":"FirstName","description":"","type":"STRING","value":null,"isCAD":true,"desktopLabel":"First Name","isAgentEditable":false,"source":"","isReportable":false,"overwrite":false,"isSecure":false,"id":""},{"name":"LastName","description":"","type":"STRING","value":null,"isCAD":true,"desktopLabel":"Last Name","isAgentEditable":false,"source":"","isReportable":false,"overwrite":false,"isSecure":false,"id":""},{"name":"Street","description":"","type":"STRING","value":null,"isCAD":true,"desktopLabel":"Street","isAgentEditable":false,"source":"","isReportable":false,"overwrite":false,"isSecure":false,"id":""},{"name":"City","description":"","type":"STRING","value":null,"isCAD":true,"desktopLabel":"City","isAgentEditable":false,"source":"","isReportable":false,"overwrite":false,"isSecure":false,"id":""},{"name":"State","description":"","type":"STRING","value":null,"isCAD":true,"desktopLabel":"State","isAgentEditable":false,"source":"","isReportable":false,"overwrite":false,"isSecure":false,"id":""},{"name":"Zip","description":"","type":"STRING","value":null,"isCAD":true,"desktopLabel":"Zip","isAgentEditable":false,"source":"","isReportable":false,"overwrite":false,"isSecure":false,"id":""},{"name":"Balance","description":"","type":"STRING","value":null,"isCAD":true,"desktopLabel":"Balance","isAgentEditable":false,"source":"","isReportable":false,"overwrite":false,"isSecure":false,"id":""},{"name":"AccountNumber","description":"","type":"STRING","value":null,"isCAD":true,"desktopLabel":"AccountNumber","isAgentEditable":false,"source":"","isReportable":false,"overwrite":false,"isSecure":false,"id":""},{"name":"Product","description":"","type":"STRING","value":null,"isCAD":true,"desktopLabel":"Product","isAgentEditable":false,"source":"","isReportable":false,"overwrite":false,"isSecure":false,"id":""},{"name":"SecurityWord","description":"","type":"STRING","value":null,"isCAD":true,"desktopLabel":"Security Word","isAgentEditable":false,"source":"","isReportable":false,"overwrite":false,"isSecure":false,"id":""},{"name":"LastPurchase","description":"","type":"STRING","value":null,"isCAD":true,"desktopLabel":"Last Purchase","isAgentEditable":false,"source":"","isReportable":false,"overwrite":false,"isSecure":false,"id":""},{"name":"PreferVoice","description":"","type":"BOOLEAN","value":"True","isCAD":true,"desktopLabel":"Prefer Voice","isAgentEditable":false,"source":"","isReportable":false,"overwrite":false,"isSecure":false,"id":""},{"name":"WelcomeMessage_SMS","description":"","type":"STRING","value":"Here is a link to your options","isCAD":false,"desktopLabel":"","isAgentEditable":false,"source":"","isReportable":false,"overwrite":false,"isSecure":false,"id":""},{"name":"JDS_Source","description":"","type":"STRING","value":null,"isCAD":false,"desktopLabel":"","isAgentEditable":false,"source":"","isReportable":false,"overwrite":false,"isSecure":false,"id":""},{"name":"Welcome_Message_Start","description":"","type":"STRING","value":null,"isCAD":false,"desktopLabel":"","isAgentEditable":false,"source":"","isReportable":false,"overwrite":false,"isSecure":false,"id":""},{"name":"JDS_PostMessage","description":"","type":"STRING","value":null,"isCAD":false,"desktopLabel":"","isAgentEditable":false,"source":"","isReportable":false,"overwrite":false,"isSecure":false,"id":""},{"name":"AccessToken","description":"","type":"STRING","value":null,"isCAD":false,"desktopLabel":"","isAgentEditable":false,"source":"","isReportable":false,"overwrite":false,"isSecure":false,"id":""},{"name":"CaseNumber","description":"","type":"STRING","value":null,"isCAD":false,"desktopLabel":"","isAgentEditable":false,"source":"","isReportable":false,"overwrite":false,"isSecure":false,"id":""},{"name":"ReservationNumber","description":"","type":"STRING","value":null,"isCAD":false,"desktopLabel":"","isAgentEditable":false,"source":"","isReportable":false,"overwrite":false,"isSecure":false,"id":""},{"name":"PodNumber","description":"","type":"STRING","value":"99","isCAD":false,"desktopLabel":"","isAgentEditable":false,"source":"","isReportable":false,"overwrite":false,"isSecure":false,"id":""},{"name":"JDS_Token","description":"Token used for JDS, make sure to copy this from postman","type":"STRING","value":"ZjY1Zjg4N2YtZTg1Ni00OTdlLWI1MmEtMzZkZjYwMDExMzI5NjQ3ZWI5ZTAtMzc2_P0A1_e56f00d4-98d8-4b62-a165-d05a41243d98","isCAD":false,"desktopLabel":"","isAgentEditable":false,"source":"GLOBAL","isReportable":false,"overwrite":false,"isSecure":false,"id":"4e99113c-128d-410c-b6eb-91b72bc9c17e"},{"name":"WorkspaceID","description":"","type":"STRING","value":"65289035907a2248f30ed88a","isCAD":false,"desktopLabel":"","isAgentEditable":false,"source":"GLOBAL","isReportable":false,"overwrite":false,"isSecure":false,"id":"5c561834-ea7f-4059-823d-1db58c7c3005"},{"name":"Global_FeedbackSurveyOptIn","description":"System-defined variable that indicates if the caller opts in to complete a feedback survey","type":"STRING","value":"uninitialized","isCAD":true,"desktopLabel":"Post Call Survey Opt-in","isAgentEditable":true,"source":"GLOBAL","isReportable":true,"overwrite":false,"isSecure":false,"id":"a5157e25-7a7e-4ae1-b828-60490f292102"}],"process":{"activities":{"126c9b68-4794-41ee-8d16-e3621f113dca":{"id":"126c9b68-4794-41ee-8d16-e3621f113dca","name":"NewPhoneContact","group":"start","properties":{"activityId":"start","name":"NewPhoneContact","activityName":"NewPhoneContact","event":"NewPhoneContact","_renderRequestTimestamp":1700230356797,"flowType":{"eventSourceId":"5eff0e2eb10162499bc9f932","eventSourceName":"WebexContactCenter","eventSpecificationId":"5f2d02144332507e39cc8a7f","eventSpecificationName":"ContactStartWorkflow","eventClassificationId":"5f10475cf021306e89e1692c","eventClassificationName":"VoiceInteractions"}}},"c6af5b95-5ef1-4c27-aa3d-afde8a2680d7":{"id":"c6af5b95-5ef1-4c27-aa3d-afde8a2680d7","name":"Bienvenido","group":"action","properties":{"volumeGainDb":"0","speakingRate":"1","voiceLanguage":"es-ES-Wavenet-B","activityName":"play-message","description":"","toggle":true,"connector:type":null,"voiceLanguage_type":null,"activityId":"5f114466ef5cfc454fbbf131","connector":"cf321105-8efa-4819-950e-a1e19059f331","name":"Bienvenido","connector_type":null,"toggleLanguage":true,"voiceLanguage:type":null,"_renderRequestTimestamp":1700230356797,"prompts":null,"promptsTts":[{"type":"tts","value":"¡Hola! Bienvenido a la demo del caso de uso 1."}]}},"baa75588-b9d1-4c58-9659-8d63756b1eac":{"id":"baa75588-b9d1-4c58-9659-8d63756b1eac","name":"KnownCustomer","group":"enum-gateway","properties":{"volumeGainDb":"0","speakingRate":"1","voiceLanguage":"es-ES-Wavenet-B","activityName":"ivr-menu","description":"","toggle":true,"connector:type":null,"interruptible":true,"voiceLanguage_type":null,"activityId":"5f1145ceef5cfc454fbbf134","menuLinks":["1","2"],"connector":"cf321105-8efa-4819-950e-a1e19059f331","name":"KnownCustomer","connector_type":null,"toggleLanguage":true,"voiceLanguage:type":null,"_renderRequestTimestamp":1700230356797,"menuLinks_input":["Known","Unknown"],"prompts":null,"entryTimeout":3,"menuLinks:input":["Known","Unknown"],"promptsTts":[{"type":"tts","value":"Si le conocemos, pulse 1.\nSi no le conocemos, pulse 2."}]}},"fb8704f5-6c48-438e-8a91-157bba32c9b2":{"id":"fb8704f5-6c48-438e-8a91-157bba32c9b2","name":"Airtable_CaseNumber","group":"action","properties":{"httpRequestHeaders":{"Authorization":"Bearer pat2l9FbLraGBCUQ5.1f477a86a265516ee02c8ef17af11a45e025213b13817756602b499c91c53e68"},"httpRequestMethod_type":null,"authenticated":false,"httpRequestPath":null,"httpRequestUrl":"https://api.airtable.com/v0/appeDporqdsKXs21x/tblr3idbO7kyY5HS3?view=Grid%20view&filterByFormula=({PodNumber}='{{PodNumber}}')","connectorId":null,"contentType_type":null,"activityName":"http-request-v2","description":"Get Airtable information","httpContentType_type":null,"httpRequestMethod:type":null,"httpRequestMethod":"GET","outputVariableArray":[{"outputVariable":"CaseNumber","jsonPathExp":"$.records[0].fields.Case"}],"activityId":"http-request-v2","httpContentType:type":null,"httpResponseTimeout":2000,"contentType:type":null,"name":"Airtable_CaseNumber","httpContentType":"Application/JSON","_renderRequestTimestamp":1700230356797,"contentType":"JSON","httpQueryParameters":{},"retryAttempts":1}},"b2e7eec7-8d4f-4b2f-8951-246c1705b032":{"id":"b2e7eec7-8d4f-4b2f-8951-246c1705b032","name":"CasoAbierto","group":"action","properties":{"volumeGainDb":"0","speakingRate":"1","voiceLanguage":"es-ES-Wavenet-B","activityName":"play-message","description":"","toggle":true,"connector:type":null,"voiceLanguage_type":null,"activityId":"5f114466ef5cfc454fbbf131","connector":"cf321105-8efa-4819-950e-a1e19059f331","name":"CasoAbierto","connector_type":null,"toggleLanguage":true,"voiceLanguage:type":null,"_renderRequestTimestamp":1700230356797,"prompts":null,"promptsTts":[{"type":"tts","value":"Tiene un caso abierto con nosotros, su número es {{CaseNumber}}.\nLe llamaremos cuanto antes para informarle del progresso que hemos hecho."}]}},"f5b41e64-12b6-4b8d-aae2-aba25d841cd7":{"id":"f5b41e64-12b6-4b8d-aae2-aba25d841cd7","name":"Caso_NoAbierto","group":"action","properties":{"volumeGainDb":"0","speakingRate":"1","voiceLanguage":"es-ES-Wavenet-B","activityName":"play-message","description":"","toggle":true,"connector:type":null,"voiceLanguage_type":null,"activityId":"5f114466ef5cfc454fbbf131","connector":"cf321105-8efa-4819-950e-a1e19059f331","name":"Caso_NoAbierto","connector_type":null,"toggleLanguage":true,"voiceLanguage:type":null,"_renderRequestTimestamp":1700230356797,"prompts":null,"promptsTts":[{"type":"tts","value":"Le vamos a crear una entrada en nuestra Base de datos, y le vamos a crear un Caso."}]}},"b9e0ed20-2ec5-4743-a49d-61ad1ba944fc":{"id":"b9e0ed20-2ec5-4743-a49d-61ad1ba944fc","name":"Airtable_MakeEntry","group":"action","properties":{"httpRequestHeaders":{"Authorization":"Bearer pat2l9FbLraGBCUQ5.1f477a86a265516ee02c8ef17af11a45e025213b13817756602b499c91c53e68"},"httpRequestMethod_type":null,"authenticated":false,"httpRequestBody":"{\n    \"records\": [\n        {\n            \"fields\": {\n                \"AccountNumber\": \"00{{PodNumber}}\",\n                \"ReservationNumber\": \"00{{PodNumber}}\",\n                \"Case\": \"00{{PodNumber}}\",\n                \"Phone\": \"+576666666{{PodNumber}}\",\n                \"Name\": \"Customer {{PodNumber}}\",\n                \"PodNumber\": \"{{PodNumber}}\"\n            }\n        }\n    ]\n}","httpRequestPath":null,"httpRequestUrl":"https://api.airtable.com/v0/appeDporqdsKXs21x/tblr3idbO7kyY5HS3","connectorId":null,"description":"Get Airtable information","activityId":"http-request-v2","httpResponseTimeout":2000,"httpContentType":"Application/JSON","_renderRequestTimestamp":1700230356797,"contentType":"JSON","httpQueryParameters":{},"retryAttempts":1,"contentType_type":null,"activityName":"http-request-v2","httpContentType_type":null,"httpRequestMethod:type":null,"httpRequestMethod":"POST","outputVariableArray":[{"outputVariable":"Balance","jsonPathExp":""}],"httpContentType:type":null,"contentType:type":null,"name":"Airtable_MakeEntry"}},"22a3e1b5-7e4d-4b7b-8ad7-aeb272d6bd77":{"id":"22a3e1b5-7e4d-4b7b-8ad7-aeb272d6bd77","name":"JDS_CallBack","group":"action","properties":{"httpRequestHeaders":{"Authorization":"Bearer {{JDS_Token}}"},"httpRequestMethod_type":null,"authenticated":false,"httpRequestBody":"{\n  \"id\": \"{{NewPhoneContact.interactionId}}\",\n  \"specversion\": \"1.0\",\n  \"type\": \"task:new\",\n  \"source\": \"IVR\",\n  \"identity\": \"+576666666{{PodNumber}}\",\n  \"identitytype\": \"phone\",\n  \"datacontenttype\": \"application/json\",\n  \"data\": {\n   \"phone\":\"+576666666{{PodNumber}}\",\n   \"Reason\":\"Dar un update sobre el Caso abierto numero {{CaseNumber}}\",\n   \"origin\":\"IVR\",\n   \"channelType\": \"Information\",\n   \"channelBreakout\": \"voice\"\n }\n}","httpRequestPath":null,"httpRequestUrl":"https://api-jds.prod-useast1.ciscowxdap.com/publish/v1/api/event","connectorId":null,"description":"","activityId":"http-request-v2","httpResponseTimeout":2000,"httpContentType":"Application/JSON","_renderRequestTimestamp":1700230356797,"contentType":"JSON","httpQueryParameters":{"workspaceId":"{{WorkspaceID}}"},"retryAttempts":1,"contentType_type":null,"activityName":"http-request-v2","httpContentType_type":null,"httpRequestMethod:type":null,"httpRequestMethod":"POST","outputVariableArray":[{"outputVariable":"JDS_PostMessage","jsonPathExp":"$.data"}],"httpContentType:type":null,"contentType:type":null,"name":"JDS_CallBack"}},"9ab543a9-9473-42ce-993b-bd24bb830760":{"id":"9ab543a9-9473-42ce-993b-bd24bb830760","name":"Callback_pid","group":"action","properties":{"callbackAni":"+14402308308","activityName":"callback","description":"","callbackQueue":"305a87ba-ebb1-40d2-8e72-0f21aed85b24","callbackAni:radioName":"staticAni","callbackAni_radioName":"staticAni","activityId":"5f367a285d76a50d1e8fb4d2","callbackQueue_radioName":"singleQueue","name":"Callback_pid","callbackDn":"{{NewPhoneContact.ANI}}","callbackQueue:radioName":"singleQueue","_renderRequestTimestamp":1700230356797,"toggleCallbackDestination":true}},"53252425-8a69-4964-8b2d-85c625b8929f":{"id":"53252425-8a69-4964-8b2d-85c625b8929f","name":"DisconnectContact_foy","group":"terminating-action","properties":{"name":"DisconnectContact_foy","activityName":"disconnect-contact","activityId":"5faa898c8bf5b65b82f0706b","_renderRequestTimestamp":1700230356797}},"e72b3c2c-adb6-4ffb-a8e6-9369c6cf461d":{"id":"e72b3c2c-adb6-4ffb-a8e6-9369c6cf461d","name":"Airtable_CaseNumberNew","group":"action","properties":{"httpRequestHeaders":{"Authorization":"Bearer pat2l9FbLraGBCUQ5.1f477a86a265516ee02c8ef17af11a45e025213b13817756602b499c91c53e68"},"httpRequestMethod_type":null,"authenticated":false,"httpRequestPath":null,"httpRequestUrl":"https://api.airtable.com/v0/appeDporqdsKXs21x/tblr3idbO7kyY5HS3?view=Grid%20view&filterByFormula=({PodNumber}='{{PodNumber}}')","connectorId":null,"contentType_type":null,"activityName":"http-request-v2","description":"Get Airtable information","httpContentType_type":null,"httpRequestMethod:type":null,"httpRequestMethod":"GET","outputVariableArray":[{"outputVariable":"CaseNumber","jsonPathExp":"$.records[0].fields.Case"}],"activityId":"http-request-v2","httpContentType:type":null,"httpResponseTimeout":2000,"contentType:type":null,"name":"Airtable_CaseNumberNew","httpContentType":"Application/JSON","_renderRequestTimestamp":1700230356797,"contentType":"JSON","httpQueryParameters":{},"retryAttempts":1}},"b7394f4a-0fe8-4319-b0e6-d3b6fb5aac2e":{"id":"b7394f4a-0fe8-4319-b0e6-d3b6fb5aac2e","name":"JDS_entry","group":"action","properties":{"httpRequestHeaders":{"Authorization":"Bearer {{JDS_Token}}"},"httpRequestMethod_type":null,"authenticated":false,"httpRequestBody":"{\n  \"id\": \"{{NewPhoneContact.interactionId}}\",\n  \"specversion\": \"1.0\",\n  \"type\": \"task:new\",\n  \"source\": \"IVR\",\n  \"identity\": \"+576666666{{PodNumber}}\",\n  \"identitytype\": \"phone\",\n  \"datacontenttype\": \"application/json\",\n  \"data\": {\n   \"phone\":\"+576666666{{PodNumber}}\",\n   \"Reason\":\"Nueva cuenta creada, caso abierto numero {{CaseNumber}}\",\n   \"origin\":\"IVR\",\n   \"channelType\": \"Information\"\n }\n}","httpRequestPath":null,"httpRequestUrl":"https://api-jds.prod-useast1.ciscowxdap.com/publish/v1/api/event","connectorId":null,"description":"","activityId":"http-request-v2","httpResponseTimeout":2000,"httpContentType":"Application/JSON","_renderRequestTimestamp":1700230356797,"contentType":"JSON","httpQueryParameters":{"workspaceId":"{{WorkspaceID}}"},"retryAttempts":1,"contentType_type":null,"activityName":"http-request-v2","httpContentType_type":null,"httpRequestMethod:type":null,"httpRequestMethod":"POST","outputVariableArray":[{"outputVariable":"JDS_PostMessage","jsonPathExp":"$.data"}],"httpContentType:type":null,"contentType:type":null,"name":"JDS_entry"}},"ff173779-2090-495a-b1f4-b3c92ba15eb1":{"id":"ff173779-2090-495a-b1f4-b3c92ba15eb1","name":"Confirmation_JDS","group":"action","properties":{"volumeGainDb":"0","speakingRate":"1","voiceLanguage":"es-ES-Wavenet-B","activityName":"play-message","description":"","toggle":true,"connector:type":null,"voiceLanguage_type":null,"activityId":"5f114466ef5cfc454fbbf131","connector":"cf321105-8efa-4819-950e-a1e19059f331","name":"Confirmation_JDS","connector_type":null,"toggleLanguage":true,"voiceLanguage:type":null,"_renderRequestTimestamp":1700230356797,"prompts":null,"promptsTts":[{"type":"tts","value":"Bien hecho, ahora conocemos de quien se trata, y tiene un caso número {{CaseNumber}} abierto con nosotros. Vamos a trabajar en su pedido y llamarle cuanto antes."}]}},"92644f72-a0b2-4cd5-9538-e86110138c5f":{"id":"92644f72-a0b2-4cd5-9538-e86110138c5f","name":"PodNumber_entry","group":"action","properties":{"volumeGainDb":"0","speakingRate":"1","voiceLanguage":"es-ES-Wavenet-B","maxDigits":"2","activityName":"ivr-collectdigits","description":"","terminatorSymbol":"#","toggle":true,"connector:type":null,"interruptible":true,"voiceLanguage_type":null,"activityId":"5f1144eaef5cfc454fbbf132","connector":"cf321105-8efa-4819-950e-a1e19059f331","minDigits":"2","name":"PodNumber_entry","connector_type":null,"toggleLanguage":true,"interDigitTimeout":3,"voiceLanguage:type":null,"_renderRequestTimestamp":1700230356797,"prompts":null,"entryTimeout":"5","promptsTts":[{"type":"tts","value":"introduzca su Pod Number"}]}},"112f5edb-fe40-4807-838c-b3ef5f80427c":{"id":"112f5edb-fe40-4807-838c-b3ef5f80427c","name":"SetPodNumber","group":"set-variable","properties":{"activityId":"set-variable","srcVariable":"PodNumber","name":"SetPodNumber","srcVariableType":"STRING","activityName":"set-variable","setTo":"set-to-literal","expr":"{{PodNumber_entry.DigitsEntered}}","_renderRequestTimestamp":1700230356797,"literal_invalid_error":false}},"7d6be21b-4697-49dd-ae8f-3d9b80b53e9c":{"id":"7d6be21b-4697-49dd-ae8f-3d9b80b53e9c","name":"VerifyTest1","group":"action","properties":{"httpRequestHeaders":{},"httpRequestMethod_type":null,"authenticated":false,"httpRequestBody":"{\n Type: \"JDS Entry\",\n Node: \"JDS_entry\",\n JDSPost : \"{{JDS_CallBack.httpStatusCode}}\",\n Airtable : \"{{Airtable_CaseNumber.httpStatusCode}}\",\n Airtable1 : \"{{CaseNumber}}\",\n PorNumber : \"{{PodNumber}}\",\n CaseNumber : \"{{Airtable_CaseNumber.httpStatusCode}}\"\n}","httpRequestPath":null,"httpRequestUrl":"https://webhook.site/fdfc0457-8818-4aae-8df8-b23d96be5cb7","connectorId":null,"activityName":"http-request-v2","description":"","httpContentType_type":null,"httpRequestMethod:type":null,"httpRequestMethod":"POST","outputVariableArray":[{"outputVariable":"Select","jsonPathExp":""}],"activityId":"http-request-v2","httpContentType:type":null,"httpResponseTimeout":2000,"name":"VerifyTest1","httpContentType":"Application/JSON","_renderRequestTimestamp":1700230356797,"httpQueryParameters":{},"retryAttempts":1}},"1e03419d-c66e-4aeb-adbf-9188824cd95e":{"id":"1e03419d-c66e-4aeb-adbf-9188824cd95e","name":"VerifyTest1_kbh","group":"action","properties":{"httpRequestHeaders":{},"httpRequestMethod_type":null,"authenticated":false,"httpRequestBody":"{\n Type: \"JDS Entry\",\n Node: \"JDS_entry\",\n JDSPost : \"{{JDS_entry.httpStatusCode}}\",\n Airtable : \"{{Airtable_MakeEntry.httpStatusCode}}\",\n Airtable1 : \"{{CaseNumber}}\",\n PorNumber : \"{{PodNumber}}\",\n CaseNumber : \"{{Airtable_CaseNumber.httpStatusCode}}\"\n}","httpRequestPath":null,"httpRequestUrl":"https://webhook.site/fdfc0457-8818-4aae-8df8-b23d96be5cb7","connectorId":null,"activityName":"http-request-v2","description":"","httpContentType_type":null,"httpRequestMethod:type":null,"httpRequestMethod":"POST","outputVariableArray":[{"outputVariable":"Select","jsonPathExp":""}],"activityId":"http-request-v2","httpContentType:type":null,"httpResponseTimeout":2000,"name":"VerifyTest1_kbh","httpContentType":"Application/JSON","_renderRequestTimestamp":1700230356797,"httpQueryParameters":{},"retryAttempts":1}}},"links":[{"id":"d5f21ea8-161a-4857-bdfd-d60af2f09a4f","sourceActivityId":"126c9b68-4794-41ee-8d16-e3621f113dca","targetActivityId":"c6af5b95-5ef1-4c27-aa3d-afde8a2680d7","conditionExpr":"out","properties":{"value":"out"}},{"id":"b18bf684-2992-481f-a796-f57527b0f6fd","sourceActivityId":"baa75588-b9d1-4c58-9659-8d63756b1eac","targetActivityId":"fb8704f5-6c48-438e-8a91-157bba32c9b2","conditionExpr":"1","properties":{"value":"1"}},{"id":"b09a3e29-32cd-4ec8-a44f-9bdd824fe97a","sourceActivityId":"fb8704f5-6c48-438e-8a91-157bba32c9b2","targetActivityId":"b2e7eec7-8d4f-4b2f-8951-246c1705b032","conditionExpr":"default","properties":{"value":"default"}},{"id":"8284b86d-ca79-4feb-ac89-cd7fde786806","sourceActivityId":"baa75588-b9d1-4c58-9659-8d63756b1eac","targetActivityId":"f5b41e64-12b6-4b8d-aae2-aba25d841cd7","conditionExpr":"2","properties":{"value":"2"}},{"id":"35b0d767-b2b7-49e6-a824-5ae318cbaaef","sourceActivityId":"f5b41e64-12b6-4b8d-aae2-aba25d841cd7","targetActivityId":"b9e0ed20-2ec5-4743-a49d-61ad1ba944fc","conditionExpr":"default","properties":{"value":"default"}},{"id":"9ed5610e-f38f-45ee-91f6-ef06c5c4a221","sourceActivityId":"b2e7eec7-8d4f-4b2f-8951-246c1705b032","targetActivityId":"22a3e1b5-7e4d-4b7b-8ad7-aeb272d6bd77","conditionExpr":"default","properties":{"value":"default"}},{"id":"85be2fcd-75e7-48c8-a524-971aff0dee41","sourceActivityId":"9ab543a9-9473-42ce-993b-bd24bb830760","targetActivityId":"53252425-8a69-4964-8b2d-85c625b8929f","conditionExpr":"default","properties":{"value":"default"}},{"id":"c7717503-b355-47be-acab-4aad04500477","sourceActivityId":"b9e0ed20-2ec5-4743-a49d-61ad1ba944fc","targetActivityId":"e72b3c2c-adb6-4ffb-a8e6-9369c6cf461d","conditionExpr":"default","properties":{"value":"default"}},{"id":"a9e586f4-c7d7-4b7a-a095-aebc2bfbb937","sourceActivityId":"e72b3c2c-adb6-4ffb-a8e6-9369c6cf461d","targetActivityId":"b7394f4a-0fe8-4319-b0e6-d3b6fb5aac2e","conditionExpr":"default","properties":{"value":"default"}},{"id":"bf1b22ba-8c3f-4eca-9bdd-2a83b2c2089a","sourceActivityId":"ff173779-2090-495a-b1f4-b3c92ba15eb1","targetActivityId":"9ab543a9-9473-42ce-993b-bd24bb830760","conditionExpr":"default","properties":{"value":"default"}},{"id":"1a9eaaa5-8257-4568-b612-8a9bc8457de7","sourceActivityId":"c6af5b95-5ef1-4c27-aa3d-afde8a2680d7","targetActivityId":"92644f72-a0b2-4cd5-9538-e86110138c5f","conditionExpr":"default","properties":{"value":"default"}},{"id":"9143b50a-7de1-46cf-adca-28424a06a33d","sourceActivityId":"92644f72-a0b2-4cd5-9538-e86110138c5f","targetActivityId":"112f5edb-fe40-4807-838c-b3ef5f80427c","conditionExpr":"default","properties":{"value":"default"}},{"id":"6d7fa78a-d4d5-4d0a-addc-49596ce4c735","sourceActivityId":"112f5edb-fe40-4807-838c-b3ef5f80427c","targetActivityId":"baa75588-b9d1-4c58-9659-8d63756b1eac","conditionExpr":"out","properties":{"value":"out"}},{"id":"72518718-2105-4d74-ac11-084106601578","sourceActivityId":"22a3e1b5-7e4d-4b7b-8ad7-aeb272d6bd77","targetActivityId":"7d6be21b-4697-49dd-ae8f-3d9b80b53e9c","conditionExpr":"default","properties":{"value":"default"}},{"id":"1cc0679d-4b67-4a4d-aa8d-62373c78bfb6","sourceActivityId":"7d6be21b-4697-49dd-ae8f-3d9b80b53e9c","targetActivityId":"9ab543a9-9473-42ce-993b-bd24bb830760","conditionExpr":"default","properties":{"value":"default"}},{"id":"d2640d0d-ddae-46a1-b853-187df0b1c829","sourceActivityId":"b7394f4a-0fe8-4319-b0e6-d3b6fb5aac2e","targetActivityId":"1e03419d-c66e-4aeb-adbf-9188824cd95e","conditionExpr":"default","properties":{"value":"default"}},{"id":"785a0721-ac8f-410d-93c4-c8abe3918ceb","sourceActivityId":"1e03419d-c66e-4aeb-adbf-9188824cd95e","targetActivityId":"ff173779-2090-495a-b1f4-b3c92ba15eb1","conditionExpr":"default","properties":{"value":"default"}}]},"diagram":{"widgets":{"126c9b68-4794-41ee-8d16-e3621f113dca":{"id":"b0399bed-12bc-464b-894b-7fd880cb3f52","type":"start","widgetType":"activity","label":"New Activity Widget in Diagram","point":{"x":-486,"y":125},"ports":[{"portId":"7e8391bc-9190-4c7f-a57b-f39eba4a89c1","isSourcePort":false,"linkId":"b56ae654-bc08-4751-8304-cdf70e875e53","type":"arrow","links":["b56ae654-bc08-4751-8304-cdf70e875e53"],"properties":{"x":-319,"name":"out","y":143,"label":"out","alignment":"right"}}],"properties":{"activityId":"start","name":"NewPhoneContact","activityName":"NewPhoneContact","event":"NewPhoneContact","_renderRequestTimestamp":1700230356797,"flowType":{"eventSourceId":"5eff0e2eb10162499bc9f932","eventSourceName":"WebexContactCenter","eventSpecificationId":"5f2d02144332507e39cc8a7f","eventSpecificationName":"ContactStartWorkflow","eventClassificationId":"5f10475cf021306e89e1692c","eventClassificationName":"VoiceInteractions"}}},"c6af5b95-5ef1-4c27-aa3d-afde8a2680d7":{"id":"2c4a4181-115c-44dc-9e93-994bc48b626b","type":"action","widgetType":"activity","label":"New Activity Widget in Diagram","point":{"x":-204,"y":67},"ports":[{"portId":"d94b488c-b4d4-4f47-aed9-68824897304a","isSourcePort":true,"linkId":"b56ae654-bc08-4751-8304-cdf70e875e53","type":"arrow","links":["b56ae654-bc08-4751-8304-cdf70e875e53"],"properties":{"x":-212,"name":"in","y":85,"label":"in","alignment":"left"}},{"portId":"0b73adfb-8716-4959-a54f-5893e6b67ce6","isSourcePort":false,"linkId":"1161bdc1-8886-4f43-8de7-b75061296071","type":"arrow","links":["1161bdc1-8886-4f43-8de7-b75061296071"],"properties":{"x":-37,"name":"default","y":85,"label":"default","alignment":"right"}},{"portId":"58d37b30-cce8-47e9-9f11-87bb7e7903e8","isSourcePort":false,"linkId":null,"type":"arrow","links":[],"properties":{"x":-36.5,"name":"error","y":178.6668701171875,"label":"error","alignment":"right"}}],"properties":{"volumeGainDb":"0","speakingRate":"1","voiceLanguage":"es-ES-Wavenet-B","activityName":"play-message","description":"","toggle":true,"connector:type":null,"activityId":"5f114466ef5cfc454fbbf131","connector":"cf321105-8efa-4819-950e-a1e19059f331","name":"Bienvenido","toggleLanguage":true,"voiceLanguage:type":null,"_renderRequestTimestamp":1700230356797,"prompts":null,"promptsTts":[{"type":"tts","value":"¡Hola! Bienvenido a la demo del caso de uso 1."}]}},"d5f21ea8-161a-4857-bdfd-d60af2f09a4f":{"id":"b56ae654-bc08-4751-8304-cdf70e875e53","type":"arrow","widgetType":"link","label":"","properties":{"curvyness":50,"selected":false,"color":"#545454","points":[{"id":"8fb9e04b-b479-42b2-b51f-4667a24f017f","type":"point","x":-311,"y":151.5},{"id":"c72f2e55-4755-4979-9aac-a13934860110","type":"point","x":-290,"y":151.5},{"id":"bb963322-4654-4db5-82af-427b9bb7c3f6","type":"point","x":-290,"y":93.5},{"id":"4e65d36b-b8f7-49b7-9970-6e99e3565193","type":"point","x":-205,"y":93.5}],"width":1,"selectedColor":"#007aa3"},"points":[],"sourcePort":{"id":"7e8391bc-9190-4c7f-a57b-f39eba4a89c1","activeWidgetId":"b0399bed-12bc-464b-894b-7fd880cb3f52","point":{"x":-311,"y":151}},"targetPort":{"id":"d94b488c-b4d4-4f47-aed9-68824897304a","activeWidgetId":"2c4a4181-115c-44dc-9e93-994bc48b626b","point":{"x":-205,"y":93}}},"baa75588-b9d1-4c58-9659-8d63756b1eac":{"id":"18dc4d3b-3234-427d-b158-26418bb44d27","type":"enum-gateway","widgetType":"activity","label":"New Activity Widget in Diagram","point":{"x":160,"y":57},"ports":[{"portId":"6d17a691-5ca3-4ae7-9666-09e369733881","isSourcePort":false,"linkId":"9cc7292e-3c49-45bb-b2f6-8dbbe0abd096","type":"arrow","links":["9cc7292e-3c49-45bb-b2f6-8dbbe0abd096"],"properties":{"x":327.5,"name":"1","y":175.140625,"label":"1","alignment":"right"}},{"portId":"03681355-ffa9-4239-9c5d-0fd5207a6e36","isSourcePort":false,"linkId":"4c303654-9f89-44b0-9e94-2bfb3980259f","type":"arrow","links":["4c303654-9f89-44b0-9e94-2bfb3980259f"],"properties":{"x":327.5,"name":"2","y":208.5625,"label":"2","alignment":"right"}},{"portId":"48ee3cea-0c0c-4c0f-bfea-5c8f15d78a18","isSourcePort":true,"linkId":"0bac02c9-6c1b-4290-8e18-f5360334f850","type":"arrow","links":["0bac02c9-6c1b-4290-8e18-f5360334f850"],"properties":{"x":152,"name":"in","y":71,"label":"in","alignment":"left"}},{"portId":"b63bbb75-45e2-4455-b4f9-f26721bca60f","isSourcePort":false,"linkId":null,"type":"arrow","links":[],"properties":{"x":327.5,"name":"timeout","y":297.6512451171875,"label":"timeout","alignment":"right"}},{"portId":"486d7d86-57c7-41a1-868d-fd02798a69e5","isSourcePort":false,"linkId":null,"type":"arrow","links":[],"properties":{"x":327.5,"name":"invalid","y":329.2293701171875,"label":"invalid","alignment":"right"}},{"portId":"f7e4f29d-585e-4824-bdd9-1c05770d9d28","isSourcePort":false,"linkId":null,"type":"arrow","links":[],"properties":{"x":327.5,"name":"error","y":360.8074951171875,"label":"error","alignment":"right"}}],"properties":{"volumeGainDb":"0","speakingRate":"1","voiceLanguage":"es-ES-Wavenet-B","activityName":"ivr-menu","description":"","toggle":true,"connector:type":null,"interruptible":true,"activityId":"5f1145ceef5cfc454fbbf134","menuLinks":["1","2"],"connector":"cf321105-8efa-4819-950e-a1e19059f331","name":"KnownCustomer","toggleLanguage":true,"voiceLanguage:type":null,"_renderRequestTimestamp":1700230356797,"prompts":null,"entryTimeout":3,"menuLinks:input":["Known","Unknown"],"promptsTts":[{"type":"tts","value":"Si le conocemos, pulse 1.\nSi no le conocemos, pulse 2."}]}},"fb8704f5-6c48-438e-8a91-157bba32c9b2":{"id":"3dbc1491-fbe0-4158-9ea7-b2ebde5a6b9f","type":"action","widgetType":"activity","label":"New Activity Widget in Diagram","point":{"x":412,"y":84},"ports":[{"portId":"6458dce9-c228-46c4-bf82-b40fe5b5d9e4","isSourcePort":true,"linkId":"9cc7292e-3c49-45bb-b2f6-8dbbe0abd096","type":"arrow","links":["9cc7292e-3c49-45bb-b2f6-8dbbe0abd096"],"properties":{"x":404,"name":"in","y":102,"label":"in","alignment":"left"}},{"portId":"9ceb828a-483d-42f8-9fb7-2af8dff7a461","isSourcePort":false,"linkId":"b0ce0102-8c8d-49c1-9fbd-e346f151ed6c","type":"arrow","links":["b0ce0102-8c8d-49c1-9fbd-e346f151ed6c"],"properties":{"x":579,"name":"default","y":102,"label":"default","alignment":"right"}}],"properties":{"httpRequestHeaders":{"Authorization":"Bearer pat2l9FbLraGBCUQ5.1f477a86a265516ee02c8ef17af11a45e025213b13817756602b499c91c53e68"},"authenticated":false,"httpRequestPath":null,"httpRequestUrl":"https://api.airtable.com/v0/appeDporqdsKXs21x/tblr3idbO7kyY5HS3?view=Grid%20view&filterByFormula=({PodNumber}='{{PodNumber}}')","connectorId":null,"activityName":"http-request-v2","description":"Get Airtable information","httpRequestMethod:type":null,"httpRequestMethod":"GET","outputVariableArray":[{"outputVariable":"CaseNumber","jsonPathExp":"$.records[0].fields.Case"}],"activityId":"http-request-v2","httpContentType:type":null,"httpResponseTimeout":2000,"contentType:type":null,"name":"Airtable_CaseNumber","httpContentType":"Application/JSON","_renderRequestTimestamp":1700230356797,"contentType":"JSON","httpQueryParameters":{},"retryAttempts":1}},"b18bf684-2992-481f-a796-f57527b0f6fd":{"id":"9cc7292e-3c49-45bb-b2f6-8dbbe0abd096","type":"arrow","widgetType":"link","label":"","properties":{"curvyness":50,"selected":false,"color":"#545454","points":[{"id":"fe53cdca-e02e-4e99-a9af-a86ef97bddc8","type":"point","x":336,"y":183.640625},{"id":"1dc478d6-9ee9-48c4-be07-12ac6c0e8c03","type":"point","x":355,"y":183.640625},{"id":"0d62460a-ea91-492f-9e91-e0de20180577","type":"point","x":355,"y":110.5},{"id":"e55743d4-f54c-4d76-8852-adb2b8a7c86c","type":"point","x":410,"y":110.5}],"width":1,"selectedColor":"#007aa3"},"points":[],"sourcePort":{"id":"6d17a691-5ca3-4ae7-9666-09e369733881","activeWidgetId":"18dc4d3b-3234-427d-b158-26418bb44d27","point":{"x":336,"y":183}},"targetPort":{"id":"6458dce9-c228-46c4-bf82-b40fe5b5d9e4","activeWidgetId":"3dbc1491-fbe0-4158-9ea7-b2ebde5a6b9f","point":{"x":410,"y":110}}},"b2e7eec7-8d4f-4b2f-8951-246c1705b032":{"id":"1ac4de33-da71-42b0-8b7d-0a706f80093f","type":"action","widgetType":"activity","label":"New Activity Widget in Diagram","point":{"x":674,"y":93},"ports":[{"portId":"40c01340-593f-47b0-9f87-1fd9090148c3","isSourcePort":true,"linkId":"b0ce0102-8c8d-49c1-9fbd-e346f151ed6c","type":"arrow","links":["b0ce0102-8c8d-49c1-9fbd-e346f151ed6c"],"properties":{"x":666,"name":"in","y":111,"label":"in","alignment":"left"}},{"portId":"890b9f79-8ca9-4687-a44c-f76b357af758","isSourcePort":false,"linkId":"8983bcee-9abf-462a-b3f9-9a2d3da62c8a","type":"arrow","links":["8983bcee-9abf-462a-b3f9-9a2d3da62c8a"],"properties":{"x":841,"name":"default","y":111,"label":"default","alignment":"right"}},{"portId":"4ccdeafe-52e9-4130-b909-bc1b4e465f20","isSourcePort":false,"linkId":null,"type":"arrow","links":[],"properties":{"x":841.5,"name":"error","y":204.6668701171875,"label":"error","alignment":"right"}}],"properties":{"volumeGainDb":"0","speakingRate":"1","voiceLanguage":"es-ES-Wavenet-B","activityName":"play-message","description":"","toggle":true,"connector:type":null,"activityId":"5f114466ef5cfc454fbbf131","connector":"cf321105-8efa-4819-950e-a1e19059f331","name":"CasoAbierto","toggleLanguage":true,"voiceLanguage:type":null,"_renderRequestTimestamp":1700230356797,"prompts":null,"promptsTts":[{"type":"tts","value":"Tiene un caso abierto con nosotros, su número es {{CaseNumber}}.\nLe llamaremos cuanto antes para informarle del progresso que hemos hecho."}]}},"b09a3e29-32cd-4ec8-a44f-9bdd824fe97a":{"id":"b0ce0102-8c8d-49c1-9fbd-e346f151ed6c","type":"arrow","widgetType":"link","label":"","properties":{"curvyness":50,"selected":false,"color":"#545454","points":[{"id":"e94b825c-4ff3-4a2c-81fa-ef69940271fd","type":"point","x":587,"y":110.5},{"id":"abe19485-046e-40e0-9ab2-fc3d8944a60e","type":"point","x":610,"y":110.5},{"id":"64ba3e8f-56b7-465f-854a-4502a2681212","type":"point","x":610,"y":119.5},{"id":"bb73b315-92fb-460f-a23c-aa802a8178a5","type":"point","x":670,"y":119.5}],"width":1,"selectedColor":"#007aa3"},"points":[],"sourcePort":{"id":"9ceb828a-483d-42f8-9fb7-2af8dff7a461","activeWidgetId":"3dbc1491-fbe0-4158-9ea7-b2ebde5a6b9f","point":{"x":587,"y":110}},"targetPort":{"id":"40c01340-593f-47b0-9f87-1fd9090148c3","activeWidgetId":"1ac4de33-da71-42b0-8b7d-0a706f80093f","point":{"x":670,"y":119}}},"f5b41e64-12b6-4b8d-aae2-aba25d841cd7":{"id":"58ecac38-288f-4307-a819-8171dfb0888f","type":"action","widgetType":"activity","label":"New Activity Widget in Diagram","point":{"x":348,"y":477},"ports":[{"portId":"f1e7a56d-7135-4f7d-819d-f79c29fd27fd","isSourcePort":true,"linkId":"4c303654-9f89-44b0-9e94-2bfb3980259f","type":"arrow","links":["4c303654-9f89-44b0-9e94-2bfb3980259f"],"properties":{"x":340,"name":"in","y":495,"label":"in","alignment":"left"}},{"portId":"c602984a-9e74-48d0-9c4f-94dd28cae12b","isSourcePort":false,"linkId":"b4fef1bc-12a7-486a-ab92-7f4760b86d10","type":"arrow","links":["b4fef1bc-12a7-486a-ab92-7f4760b86d10"],"properties":{"x":515,"name":"default","y":495,"label":"default","alignment":"right"}},{"portId":"0a084f3a-8041-49fc-85c5-df3c0569ef59","isSourcePort":false,"linkId":null,"type":"arrow","links":[],"properties":{"x":515.5,"name":"error","y":588.6668701171875,"label":"error","alignment":"right"}}],"properties":{"volumeGainDb":"0","speakingRate":"1","voiceLanguage":"es-ES-Wavenet-B","activityName":"play-message","description":"","toggle":true,"connector:type":null,"activityId":"5f114466ef5cfc454fbbf131","connector":"cf321105-8efa-4819-950e-a1e19059f331","name":"Caso_NoAbierto","toggleLanguage":true,"voiceLanguage:type":null,"_renderRequestTimestamp":1700230356797,"prompts":null,"promptsTts":[{"type":"tts","value":"Le vamos a crear una entrada en nuestra Base de datos, y le vamos a crear un Caso."}]}},"8284b86d-ca79-4feb-ac89-cd7fde786806":{"id":"4c303654-9f89-44b0-9e94-2bfb3980259f","type":"arrow","widgetType":"link","label":"","properties":{"curvyness":50,"selected":false,"color":"#545454","points":[{"id":"656aff15-e86c-4874-85f2-cd39fdaf3ad5","type":"point","x":336,"y":217.0625},{"id":"1f033833-5d57-4dee-9369-4050f39a4a4b","type":"point","x":355,"y":217.0625},{"id":"d6d71ef6-f7d7-4e59-8e36-a6028eb6a4c9","type":"point","x":355,"y":457},{"id":"6badd1b8-fe62-4d57-a9e5-e748abd9c76f","type":"point","x":328.5,"y":457},{"id":"d515ea84-7c0d-4894-9c89-8b306ea4ae84","type":"point","x":328.5,"y":503.5},{"id":"11e82912-77bc-42be-a154-0aa23370205d","type":"point","x":345,"y":503.5}],"width":1,"selectedColor":"#007aa3"},"points":[],"sourcePort":{"id":"03681355-ffa9-4239-9c5d-0fd5207a6e36","activeWidgetId":"18dc4d3b-3234-427d-b158-26418bb44d27","point":{"x":336,"y":217}},"targetPort":{"id":"f1e7a56d-7135-4f7d-819d-f79c29fd27fd","activeWidgetId":"58ecac38-288f-4307-a819-8171dfb0888f","point":{"x":345,"y":503}}},"b9e0ed20-2ec5-4743-a49d-61ad1ba944fc":{"id":"8efb5972-f4b9-4643-af70-938e025fe9e7","type":"action","widgetType":"activity","label":"New Activity Widget in Diagram","point":{"x":573,"y":505},"ports":[{"portId":"eeb3efdc-4938-49ac-8ca9-114dca90da51","isSourcePort":true,"linkId":"b4fef1bc-12a7-486a-ab92-7f4760b86d10","type":"arrow","links":["b4fef1bc-12a7-486a-ab92-7f4760b86d10"],"properties":{"x":565,"name":"in","y":523,"label":"in","alignment":"left"}},{"portId":"dd3326ae-4f94-46f4-876d-18fa1159c36c","isSourcePort":false,"linkId":"4f3aee79-1a4d-4bc7-bc38-6689e926bcb8","type":"arrow","links":["4f3aee79-1a4d-4bc7-bc38-6689e926bcb8"],"properties":{"x":740,"name":"default","y":523,"label":"default","alignment":"right"}}],"properties":{"httpRequestHeaders":{"Authorization":"Bearer pat2l9FbLraGBCUQ5.1f477a86a265516ee02c8ef17af11a45e025213b13817756602b499c91c53e68"},"authenticated":false,"httpRequestBody":"{\n    \"records\": [\n        {\n            \"fields\": {\n                \"AccountNumber\": \"00{{PodNumber}}\",\n                \"ReservationNumber\": \"00{{PodNumber}}\",\n                \"Case\": \"00{{PodNumber}}\",\n                \"Phone\": \"+576666666{{PodNumber}}\",\n                \"Name\": \"Customer {{PodNumber}}\",\n                \"PodNumber\": \"{{PodNumber}}\"\n            }\n        }\n    ]\n}","httpRequestPath":null,"httpRequestUrl":"https://api.airtable.com/v0/appeDporqdsKXs21x/tblr3idbO7kyY5HS3","connectorId":null,"activityName":"http-request-v2","description":"Get Airtable information","httpRequestMethod:type":null,"httpRequestMethod":"POST","outputVariableArray":[{"outputVariable":"Balance","jsonPathExp":""}],"activityId":"http-request-v2","httpContentType:type":null,"httpResponseTimeout":2000,"contentType:type":null,"name":"Airtable_MakeEntry","httpContentType":"Application/JSON","_renderRequestTimestamp":1700230356797,"contentType":"JSON","httpQueryParameters":{},"retryAttempts":1}},"35b0d767-b2b7-49e6-a824-5ae318cbaaef":{"id":"b4fef1bc-12a7-486a-ab92-7f4760b86d10","type":"arrow","widgetType":"link","label":"","properties":{"curvyness":50,"selected":false,"color":"#545454","points":[{"id":"311c2698-1a94-47b3-8b73-6f7ea031f782","type":"point","x":523,"y":503.5},{"id":"f7f40a05-2d59-4df5-97b8-265ca6cc6b50","type":"point","x":545,"y":503.5},{"id":"586012a9-501f-4de1-bf83-9b9ede6ecabc","type":"point","x":545,"y":531.5},{"id":"ffa3e25b-ca5d-40a7-9343-302007f814cf","type":"point","x":570,"y":531.5}],"width":1,"selectedColor":"#007aa3"},"points":[],"sourcePort":{"id":"c602984a-9e74-48d0-9c4f-94dd28cae12b","activeWidgetId":"58ecac38-288f-4307-a819-8171dfb0888f","point":{"x":523,"y":503}},"targetPort":{"id":"eeb3efdc-4938-49ac-8ca9-114dca90da51","activeWidgetId":"8efb5972-f4b9-4643-af70-938e025fe9e7","point":{"x":570,"y":531}}},"22a3e1b5-7e4d-4b7b-8ad7-aeb272d6bd77":{"id":"b8c4fe04-4708-44de-8836-37c600eddd34","type":"action","widgetType":"activity","label":"New Activity Widget in Diagram","point":{"x":968,"y":115},"ports":[{"portId":"d73cc213-da21-433e-92ae-5ff1a288fab4","isSourcePort":true,"linkId":"8983bcee-9abf-462a-b3f9-9a2d3da62c8a","type":"arrow","links":["8983bcee-9abf-462a-b3f9-9a2d3da62c8a"],"properties":{"x":960,"name":"in","y":133,"label":"in","alignment":"left"}},{"portId":"98654b30-47e2-4e3f-ae6c-a7d0dbe5bfef","isSourcePort":false,"linkId":"e81054e5-4375-4998-ae9b-a397078774fe","type":"arrow","links":["e81054e5-4375-4998-ae9b-a397078774fe"],"properties":{"x":1135,"name":"default","y":133,"label":"default","alignment":"right"}}],"properties":{"httpRequestHeaders":{"Authorization":"Bearer {{JDS_Token}}"},"authenticated":false,"httpRequestBody":"{\n  \"id\": \"{{NewPhoneContact.interactionId}}\",\n  \"specversion\": \"1.0\",\n  \"type\": \"task:new\",\n  \"source\": \"IVR\",\n  \"identity\": \"+576666666{{PodNumber}}\",\n  \"identitytype\": \"phone\",\n  \"datacontenttype\": \"application/json\",\n  \"data\": {\n   \"phone\":\"+576666666{{PodNumber}}\",\n   \"Reason\":\"Dar un update sobre el Caso abierto numero {{CaseNumber}}\",\n   \"origin\":\"IVR\",\n   \"channelType\": \"Information\",\n   \"channelBreakout\": \"voice\"\n }\n}","httpRequestPath":null,"httpRequestUrl":"https://api-jds.prod-useast1.ciscowxdap.com/publish/v1/api/event","connectorId":null,"activityName":"http-request-v2","description":"","httpRequestMethod:type":null,"httpRequestMethod":"POST","outputVariableArray":[{"outputVariable":"JDS_PostMessage","jsonPathExp":"$.data"}],"activityId":"http-request-v2","httpContentType:type":null,"httpResponseTimeout":2000,"contentType:type":null,"name":"JDS_CallBack","httpContentType":"Application/JSON","_renderRequestTimestamp":1700230356797,"contentType":"JSON","httpQueryParameters":{"workspaceId":"{{WorkspaceID}}"},"retryAttempts":1}},"9ed5610e-f38f-45ee-91f6-ef06c5c4a221":{"id":"8983bcee-9abf-462a-b3f9-9a2d3da62c8a","type":"arrow","widgetType":"link","label":"","properties":{"curvyness":50,"selected":false,"color":"#545454","points":[{"id":"04b9908b-fb65-4d20-ba77-87cf05701755","type":"point","x":849,"y":119.5},{"id":"10587172-1775-444b-b3f5-b10d0567270c","type":"point","x":870,"y":119.5},{"id":"f60030fb-bfc4-4edd-a8d9-30956082ea24","type":"point","x":870,"y":141.5},{"id":"5d31c4bc-f9f0-4dd1-8d13-cad02959be48","type":"point","x":965,"y":141.5}],"width":1,"selectedColor":"#007aa3"},"points":[],"sourcePort":{"id":"890b9f79-8ca9-4687-a44c-f76b357af758","activeWidgetId":"1ac4de33-da71-42b0-8b7d-0a706f80093f","point":{"x":849,"y":119}},"targetPort":{"id":"d73cc213-da21-433e-92ae-5ff1a288fab4","activeWidgetId":"b8c4fe04-4708-44de-8836-37c600eddd34","point":{"x":965,"y":141}}},"9ab543a9-9473-42ce-993b-bd24bb830760":{"id":"ffe8348b-e51c-47ab-87ee-9315d48460e5","type":"action","widgetType":"activity","label":"New Activity Widget in Diagram","point":{"x":1545,"y":246},"ports":[{"portId":"7f56abff-975d-4258-99a1-ac0094385896","isSourcePort":true,"linkId":"d7f13c15-adac-400d-9639-a068e10d9dd7","type":"arrow","links":["d7f13c15-adac-400d-9639-a068e10d9dd7","e3b16c17-a85d-4d02-875d-9a86c80c23b3"],"properties":{"x":1537,"name":"in","y":264,"label":"in","alignment":"left"}},{"portId":"6b7baf43-c56f-4803-b0e5-aa5422d12b4d","isSourcePort":false,"linkId":"ba4ef3aa-4f9d-4cb9-8e3f-942fb4a34f84","type":"arrow","links":["ba4ef3aa-4f9d-4cb9-8e3f-942fb4a34f84"],"properties":{"x":1712,"name":"default","y":264,"label":"default","alignment":"right"}},{"portId":"2d300dff-4f27-4203-ba07-8cc7c8798a33","isSourcePort":false,"linkId":null,"type":"arrow","links":[],"properties":{"x":1712.5,"name":"failure","y":357.6668701171875,"label":"failure","alignment":"right"}}],"properties":{"callbackAni:radioName":"staticAni","activityId":"5f367a285d76a50d1e8fb4d2","callbackAni":"+14402308308","name":"Callback_pid","activityName":"callback","description":"","callbackDn":"{{NewPhoneContact.ANI}}","callbackQueue:radioName":"singleQueue","_renderRequestTimestamp":1700230356797,"toggleCallbackDestination":true,"callbackQueue":"305a87ba-ebb1-40d2-8e72-0f21aed85b24"}},"53252425-8a69-4964-8b2d-85c625b8929f":{"id":"30efec85-43d5-477f-932e-309668348862","type":"terminating-action","widgetType":"activity","label":"New Activity Widget in Diagram","point":{"x":1776,"y":300},"ports":[{"portId":"6bd5b736-9f77-410e-873b-46b0549f55d8","isSourcePort":true,"linkId":"ba4ef3aa-4f9d-4cb9-8e3f-942fb4a34f84","type":"arrow","links":["ba4ef3aa-4f9d-4cb9-8e3f-942fb4a34f84"],"properties":{"x":1768,"name":"in","y":318,"label":"in","alignment":"left"}}],"properties":{"name":"DisconnectContact_foy","activityName":"disconnect-contact","activityId":"5faa898c8bf5b65b82f0706b","_renderRequestTimestamp":1700230356797}},"85be2fcd-75e7-48c8-a524-971aff0dee41":{"id":"ba4ef3aa-4f9d-4cb9-8e3f-942fb4a34f84","type":"arrow","widgetType":"link","label":"","properties":{"curvyness":50,"selected":false,"color":"#545454","points":[{"id":"c5d115e2-152f-4bdd-b132-ba35f62877fc","type":"point","x":1720,"y":272.5},{"id":"3d413918-fef4-4842-ba13-241fdf317667","type":"point","x":1740,"y":272.5},{"id":"b9ba0e8f-24b2-4ea7-aab0-60ea652420be","type":"point","x":1740,"y":326.5},{"id":"75f50431-3665-43d0-a942-7f114b7adee0","type":"point","x":1775,"y":326.5}],"width":1,"selectedColor":"#007aa3"},"points":[],"sourcePort":{"id":"6b7baf43-c56f-4803-b0e5-aa5422d12b4d","activeWidgetId":"ffe8348b-e51c-47ab-87ee-9315d48460e5","point":{"x":1720,"y":272}},"targetPort":{"id":"6bd5b736-9f77-410e-873b-46b0549f55d8","activeWidgetId":"30efec85-43d5-477f-932e-309668348862","point":{"x":1775,"y":326}}},"e72b3c2c-adb6-4ffb-a8e6-9369c6cf461d":{"id":"47536940-8a2d-4016-8991-42afaa0d4b49","type":"action","widgetType":"activity","label":"New Activity Widget in Diagram","point":{"x":815,"y":508},"ports":[{"portId":"8829fcfe-7640-4453-9f97-6805f642d284","isSourcePort":true,"linkId":"4f3aee79-1a4d-4bc7-bc38-6689e926bcb8","type":"arrow","links":["4f3aee79-1a4d-4bc7-bc38-6689e926bcb8"],"properties":{"x":807,"name":"in","y":526,"label":"in","alignment":"left"}},{"portId":"64d171e8-a073-46f3-9763-d0aa4e43b6cc","isSourcePort":false,"linkId":"1eeb8ad1-6a33-4c9e-acf5-7af3dd69963f","type":"arrow","links":["1eeb8ad1-6a33-4c9e-acf5-7af3dd69963f"],"properties":{"x":982,"name":"default","y":526,"label":"default","alignment":"right"}}],"properties":{"httpRequestHeaders":{"Authorization":"Bearer pat2l9FbLraGBCUQ5.1f477a86a265516ee02c8ef17af11a45e025213b13817756602b499c91c53e68"},"authenticated":false,"httpRequestPath":null,"httpRequestUrl":"https://api.airtable.com/v0/appeDporqdsKXs21x/tblr3idbO7kyY5HS3?view=Grid%20view&filterByFormula=({PodNumber}='{{PodNumber}}')","connectorId":null,"activityName":"http-request-v2","description":"Get Airtable information","httpRequestMethod:type":null,"httpRequestMethod":"GET","outputVariableArray":[{"outputVariable":"CaseNumber","jsonPathExp":"$.records[0].fields.Case"}],"activityId":"http-request-v2","httpContentType:type":null,"httpResponseTimeout":2000,"contentType:type":null,"name":"Airtable_CaseNumberNew","httpContentType":"Application/JSON","_renderRequestTimestamp":1700230356797,"contentType":"JSON","httpQueryParameters":{},"retryAttempts":1}},"c7717503-b355-47be-acab-4aad04500477":{"id":"4f3aee79-1a4d-4bc7-bc38-6689e926bcb8","type":"arrow","widgetType":"link","label":"","properties":{"curvyness":50,"selected":false,"color":"#545454","points":[{"id":"4354a615-952a-4144-89fc-62d6c6158a41","type":"point","x":748,"y":531.5},{"id":"2256618e-f99c-41e6-98fd-b6db4fb92261","type":"point","x":770,"y":531.5},{"id":"2e40f03d-c6e4-402b-b8ae-31ba537288cb","type":"point","x":770,"y":534.5},{"id":"be7055a4-7c36-4ca4-9c0f-3f67d80d1502","type":"point","x":815,"y":534.5}],"width":1,"selectedColor":"#007aa3"},"points":[],"sourcePort":{"id":"dd3326ae-4f94-46f4-876d-18fa1159c36c","activeWidgetId":"8efb5972-f4b9-4643-af70-938e025fe9e7","point":{"x":748,"y":531}},"targetPort":{"id":"8829fcfe-7640-4453-9f97-6805f642d284","activeWidgetId":"47536940-8a2d-4016-8991-42afaa0d4b49","point":{"x":815,"y":534}}},"b7394f4a-0fe8-4319-b0e6-d3b6fb5aac2e":{"id":"d19a3cd8-c78a-40fd-8d1e-7316d17ec011","type":"action","widgetType":"activity","label":"New Activity Widget in Diagram","point":{"x":1046,"y":516},"ports":[{"portId":"9c408063-575b-4b6e-b7c6-620f26275cba","isSourcePort":true,"linkId":"1eeb8ad1-6a33-4c9e-acf5-7af3dd69963f","type":"arrow","links":["1eeb8ad1-6a33-4c9e-acf5-7af3dd69963f"],"properties":{"x":1038,"name":"in","y":534,"label":"in","alignment":"left"}},{"portId":"e71c5e9c-a489-4ad3-9ef9-79a85ff709d4","isSourcePort":false,"linkId":"bc67e2f8-8c87-421f-8c8b-b817cf72a398","type":"arrow","links":["bc67e2f8-8c87-421f-8c8b-b817cf72a398"],"properties":{"x":1213,"name":"default","y":534,"label":"default","alignment":"right"}}],"properties":{"httpRequestHeaders":{"Authorization":"Bearer {{JDS_Token}}"},"authenticated":false,"httpRequestBody":"{\n  \"id\": \"{{NewPhoneContact.interactionId}}\",\n  \"specversion\": \"1.0\",\n  \"type\": \"task:new\",\n  \"source\": \"IVR\",\n  \"identity\": \"+576666666{{PodNumber}}\",\n  \"identitytype\": \"phone\",\n  \"datacontenttype\": \"application/json\",\n  \"data\": {\n   \"phone\":\"+576666666{{PodNumber}}\",\n   \"Reason\":\"Nueva cuenta creada, caso abierto numero {{CaseNumber}}\",\n   \"origin\":\"IVR\",\n   \"channelType\": \"Information\"\n }\n}","httpRequestPath":null,"httpRequestUrl":"https://api-jds.prod-useast1.ciscowxdap.com/publish/v1/api/event","connectorId":null,"activityName":"http-request-v2","description":"","httpRequestMethod:type":null,"httpRequestMethod":"POST","outputVariableArray":[{"outputVariable":"JDS_PostMessage","jsonPathExp":"$.data"}],"activityId":"http-request-v2","httpContentType:type":null,"httpResponseTimeout":2000,"contentType:type":null,"name":"JDS_entry","httpContentType":"Application/JSON","_renderRequestTimestamp":1700230356797,"contentType":"JSON","httpQueryParameters":{"workspaceId":"{{WorkspaceID}}"},"retryAttempts":1}},"a9e586f4-c7d7-4b7a-a095-aebc2bfbb937":{"id":"1eeb8ad1-6a33-4c9e-acf5-7af3dd69963f","type":"arrow","widgetType":"link","label":"","properties":{"curvyness":50,"selected":false,"color":"#545454","points":[{"id":"e7b75d6d-a525-4c07-9512-d130586d196f","type":"point","x":990,"y":534.5},{"id":"1320eaab-a635-4f27-8348-8e666cdbe967","type":"point","x":1010,"y":534.5},{"id":"e63e3926-aba6-4b34-b89f-81ed9a6bd555","type":"point","x":1010,"y":542.5},{"id":"70c905df-d509-45de-9896-6d9baa43fa39","type":"point","x":1045,"y":542.5}],"width":1,"selectedColor":"#007aa3"},"points":[],"sourcePort":{"id":"64d171e8-a073-46f3-9763-d0aa4e43b6cc","activeWidgetId":"47536940-8a2d-4016-8991-42afaa0d4b49","point":{"x":990,"y":534}},"targetPort":{"id":"9c408063-575b-4b6e-b7c6-620f26275cba","activeWidgetId":"d19a3cd8-c78a-40fd-8d1e-7316d17ec011","point":{"x":1045,"y":542}}},"ff173779-2090-495a-b1f4-b3c92ba15eb1":{"id":"af322823-dab2-4702-8c2c-8053b4c7f2a8","type":"action","widgetType":"activity","label":"New Activity Widget in Diagram","point":{"x":1536,"y":474},"ports":[{"portId":"1e5c4953-1d53-4c88-9b6f-84ab8c75223d","isSourcePort":true,"linkId":"b210b631-a6b2-4a4a-955d-1256c6f6a189","type":"arrow","links":["b210b631-a6b2-4a4a-955d-1256c6f6a189"],"properties":{"x":1528,"name":"in","y":492,"label":"in","alignment":"left"}},{"portId":"cbf2ea5e-706d-45e9-8803-b4431eb87405","isSourcePort":false,"linkId":"d7f13c15-adac-400d-9639-a068e10d9dd7","type":"arrow","links":["d7f13c15-adac-400d-9639-a068e10d9dd7"],"properties":{"x":1703,"name":"default","y":492,"label":"default","alignment":"right"}},{"portId":"cd0f316c-2c98-4d5d-9e1a-f289fe60168d","isSourcePort":false,"linkId":null,"type":"arrow","links":[],"properties":{"x":1703.5,"name":"error","y":585.6668701171875,"label":"error","alignment":"right"}}],"properties":{"volumeGainDb":"0","speakingRate":"1","voiceLanguage":"es-ES-Wavenet-B","activityName":"play-message","description":"","toggle":true,"connector:type":null,"activityId":"5f114466ef5cfc454fbbf131","connector":"cf321105-8efa-4819-950e-a1e19059f331","name":"Confirmation_JDS","toggleLanguage":true,"voiceLanguage:type":null,"_renderRequestTimestamp":1700230356797,"prompts":null,"promptsTts":[{"type":"tts","value":"Bien hecho, ahora conocemos de quien se trata, y tiene un caso número {{CaseNumber}} abierto con nosotros. Vamos a trabajar en su pedido y llamarle cuanto antes."}]}},"bf1b22ba-8c3f-4eca-9bdd-2a83b2c2089a":{"id":"d7f13c15-adac-400d-9639-a068e10d9dd7","type":"arrow","widgetType":"link","label":"","properties":{"curvyness":50,"selected":false,"color":"#545454","points":[{"id":"a7ff678e-2ef8-4f09-8d71-3ce99fcff111","type":"point","x":1711,"y":500.5},{"id":"b32db35a-93dd-400a-ad44-0043bcbddc52","type":"point","x":1730,"y":500.5},{"id":"daa7a7e8-2ceb-4e64-8fae-69da928baa20","type":"point","x":1730,"y":226},{"id":"16fd851e-7d18-4a20-86da-357d22d8b19a","type":"point","x":1525.5,"y":226},{"id":"4caaba5f-9bf1-4b11-bc17-b3e118df7aec","type":"point","x":1525.5,"y":272.5},{"id":"dede539f-a8b3-4cb3-9ccf-a82ab8bb4967","type":"point","x":1545,"y":272.5}],"width":1,"selectedColor":"#007aa3"},"points":[],"sourcePort":{"id":"cbf2ea5e-706d-45e9-8803-b4431eb87405","activeWidgetId":"af322823-dab2-4702-8c2c-8053b4c7f2a8","point":{"x":1711,"y":500}},"targetPort":{"id":"7f56abff-975d-4258-99a1-ac0094385896","activeWidgetId":"ffe8348b-e51c-47ab-87ee-9315d48460e5","point":{"x":1545,"y":272}}},"92644f72-a0b2-4cd5-9538-e86110138c5f":{"id":"4165300e-85b8-449d-ae74-fe3be2a45ad1","type":"action","widgetType":"activity","label":"New Activity Widget in Diagram","point":{"x":-281,"y":299},"ports":[{"portId":"291f9563-c25d-456c-98bf-13947049c37e","isSourcePort":true,"linkId":"1161bdc1-8886-4f43-8de7-b75061296071","type":"arrow","links":["1161bdc1-8886-4f43-8de7-b75061296071"],"properties":{"x":-289,"name":"in","y":317,"label":"in","alignment":"left"}},{"portId":"1dc36dc7-aa99-4dc9-8e6f-b1c0540986b5","isSourcePort":false,"linkId":"b7ff937d-2e3c-462d-88f4-55ed7bfe3075","type":"arrow","links":["b7ff937d-2e3c-462d-88f4-55ed7bfe3075"],"properties":{"x":-114,"name":"default","y":317,"label":"default","alignment":"right"}},{"portId":"df4232fd-07e2-4688-b6fd-4ab852fbc999","isSourcePort":false,"linkId":null,"type":"arrow","links":[],"properties":{"x":-113.5,"name":"timeout","y":410.6668701171875,"label":"timeout","alignment":"right"}},{"portId":"d0b81b15-1222-4d9d-b3b8-5803462c06f7","isSourcePort":false,"linkId":null,"type":"arrow","links":[],"properties":{"x":-113.5,"name":"invalid","y":442.2449951171875,"label":"invalid","alignment":"right"}},{"portId":"b54ea4f3-24c4-4ebc-998d-c590e373c95f","isSourcePort":false,"linkId":null,"type":"arrow","links":[],"properties":{"x":-113.5,"name":"error","y":473.8231201171875,"label":"error","alignment":"right"}}],"properties":{"volumeGainDb":"0","speakingRate":"1","voiceLanguage":"es-ES-Wavenet-B","maxDigits":"2","activityName":"ivr-collectdigits","description":"","terminatorSymbol":"#","toggle":true,"connector:type":null,"interruptible":true,"activityId":"5f1144eaef5cfc454fbbf132","connector":"cf321105-8efa-4819-950e-a1e19059f331","minDigits":"2","name":"PodNumber_entry","toggleLanguage":true,"interDigitTimeout":3,"voiceLanguage:type":null,"_renderRequestTimestamp":1700230356797,"prompts":null,"entryTimeout":"5","promptsTts":[{"type":"tts","value":"introduzca su Pod Number"}]}},"1a9eaaa5-8257-4568-b612-8a9bc8457de7":{"id":"1161bdc1-8886-4f43-8de7-b75061296071","type":"arrow","widgetType":"link","label":"","properties":{"curvyness":50,"selected":false,"color":"#545454","points":[{"id":"0cf36c5b-cbdc-4c38-b472-75e4f3a8aaea","type":"point","x":-29,"y":93.5},{"id":"8a95385a-0d06-427e-8767-d6c29c19b973","type":"point","x":-10,"y":93.5},{"id":"bb7d5f7e-700f-47cc-b171-9e1d2e3c3205","type":"point","x":-10,"y":279},{"id":"f3e27d85-f610-41b2-950f-53ed9a72c2e9","type":"point","x":-300.5,"y":279},{"id":"b2f674e0-ad14-4559-b282-775a711f5c52","type":"point","x":-300.5,"y":325.5},{"id":"4d2231ce-7d31-4604-bf7e-d688667a701b","type":"point","x":-285,"y":325.5}],"width":1,"selectedColor":"#007aa3"},"points":[],"sourcePort":{"id":"0b73adfb-8716-4959-a54f-5893e6b67ce6","activeWidgetId":"2c4a4181-115c-44dc-9e93-994bc48b626b","point":{"x":-29,"y":93}},"targetPort":{"id":"291f9563-c25d-456c-98bf-13947049c37e","activeWidgetId":"4165300e-85b8-449d-ae74-fe3be2a45ad1","point":{"x":-285,"y":325}}},"112f5edb-fe40-4807-838c-b3ef5f80427c":{"id":"215b18dc-1774-4bd9-a922-50c3b2b0f080","type":"set-variable","widgetType":"activity","label":"New Activity Widget in Diagram","point":{"x":-51,"y":385},"ports":[{"portId":"e3d56de3-2e6a-47a5-9671-7335caecce1a","isSourcePort":true,"linkId":"b7ff937d-2e3c-462d-88f4-55ed7bfe3075","type":"arrow","links":["b7ff937d-2e3c-462d-88f4-55ed7bfe3075"],"properties":{"x":-59,"name":"in","y":403,"label":"in","alignment":"left"}},{"portId":"f6554c34-996a-4a7f-9889-c6f6fa5e3353","isSourcePort":false,"linkId":"0bac02c9-6c1b-4290-8e18-f5360334f850","type":"arrow","links":["0bac02c9-6c1b-4290-8e18-f5360334f850"],"properties":{"x":116,"name":"out","y":403,"label":"out","alignment":"right"}},{"portId":"d9abc110-eb57-462b-8469-88d1705a8ef6","isSourcePort":false,"linkId":null,"type":"arrow","links":[],"properties":{"x":116.5,"name":"error","y":496.6668701171875,"label":"error","alignment":"right"}}],"properties":{"activityId":"set-variable","srcVariable":"PodNumber","name":"SetPodNumber","srcVariableType":"STRING","activityName":"set-variable","setTo":"set-to-literal","expr":"{{PodNumber_entry.DigitsEntered}}","_renderRequestTimestamp":1700230356797,"literal_invalid_error":false}},"9143b50a-7de1-46cf-adca-28424a06a33d":{"id":"b7ff937d-2e3c-462d-88f4-55ed7bfe3075","type":"arrow","widgetType":"link","label":"","properties":{"curvyness":50,"selected":false,"color":"#545454","points":[{"id":"c37b6fef-b40e-4896-9f47-8ce215cc144b","type":"point","x":-106,"y":325.5},{"id":"c8ba70ce-d21f-48ad-b8f7-84fc3dd8f54d","type":"point","x":-85,"y":325.5},{"id":"7702185f-27bc-407b-81a8-fee8114cd5b2","type":"point","x":-85,"y":411.5},{"id":"7571b853-904b-4b8c-a79e-930594f5c4c1","type":"point","x":-55,"y":411.5}],"width":1,"selectedColor":"#007aa3"},"points":[],"sourcePort":{"id":"1dc36dc7-aa99-4dc9-8e6f-b1c0540986b5","activeWidgetId":"4165300e-85b8-449d-ae74-fe3be2a45ad1","point":{"x":-106,"y":325}},"targetPort":{"id":"e3d56de3-2e6a-47a5-9671-7335caecce1a","activeWidgetId":"215b18dc-1774-4bd9-a922-50c3b2b0f080","point":{"x":-55,"y":411}}},"6d7fa78a-d4d5-4d0a-addc-49596ce4c735":{"id":"0bac02c9-6c1b-4290-8e18-f5360334f850","type":"arrow","widgetType":"link","label":"","properties":{"curvyness":50,"selected":false,"color":"#545454","points":[{"id":"be04001a-50f4-47d1-8ab5-ed4c01528937","type":"point","x":124,"y":411.5},{"id":"a45abc82-cb97-4847-975b-30aa53243b54","type":"point","x":145,"y":411.5},{"id":"81652259-034f-42e7-b370-df3462835455","type":"point","x":145,"y":37},{"id":"a401aba7-cb74-4bc6-aaa0-e342da354d21","type":"point","x":140.5,"y":37},{"id":"88aafa4d-b9f8-47a4-bb7b-40916a367dfc","type":"point","x":140.5,"y":79.5},{"id":"2e0eef21-4260-46d4-b1cf-9b9aa8ddde8c","type":"point","x":160,"y":79.5}],"width":1,"selectedColor":"#007aa3"},"points":[],"sourcePort":{"id":"f6554c34-996a-4a7f-9889-c6f6fa5e3353","activeWidgetId":"215b18dc-1774-4bd9-a922-50c3b2b0f080","point":{"x":124,"y":411}},"targetPort":{"id":"48ee3cea-0c0c-4c0f-bfea-5c8f15d78a18","activeWidgetId":"18dc4d3b-3234-427d-b158-26418bb44d27","point":{"x":160,"y":79}}},"7d6be21b-4697-49dd-ae8f-3d9b80b53e9c":{"id":"f77b9f6a-ceb9-4e09-b768-486ada8e688b","type":"action","widgetType":"activity","label":"New Activity Widget in Diagram","point":{"x":1203,"y":178},"ports":[{"portId":"9d486eb6-8787-4105-97d8-fd1fc5356202","isSourcePort":true,"linkId":"e81054e5-4375-4998-ae9b-a397078774fe","type":"arrow","links":["e81054e5-4375-4998-ae9b-a397078774fe"],"properties":{"x":1195,"name":"in","y":196,"label":"in","alignment":"left"}},{"portId":"1ee38103-a81a-426b-a4e1-1a2b59bb924d","isSourcePort":false,"linkId":"e3b16c17-a85d-4d02-875d-9a86c80c23b3","type":"arrow","links":["e3b16c17-a85d-4d02-875d-9a86c80c23b3"],"properties":{"x":1370,"name":"default","y":196,"label":"default","alignment":"right"}}],"properties":{"httpRequestHeaders":{},"authenticated":false,"httpRequestBody":"{\n Type: \"JDS Entry\",\n Node: \"JDS_entry\",\n JDSPost : \"{{JDS_CallBack.httpStatusCode}}\",\n Airtable : \"{{Airtable_CaseNumber.httpStatusCode}}\",\n Airtable1 : \"{{CaseNumber}}\",\n PorNumber : \"{{PodNumber}}\",\n CaseNumber : \"{{Airtable_CaseNumber.httpStatusCode}}\"\n}","httpRequestPath":null,"httpRequestUrl":"https://webhook.site/fdfc0457-8818-4aae-8df8-b23d96be5cb7","connectorId":null,"activityName":"http-request-v2","description":"","httpRequestMethod:type":null,"httpRequestMethod":"POST","outputVariableArray":[{"outputVariable":"Select","jsonPathExp":""}],"activityId":"http-request-v2","httpContentType:type":null,"httpResponseTimeout":2000,"name":"VerifyTest1","httpContentType":"Application/JSON","_renderRequestTimestamp":1700230356797,"httpQueryParameters":{},"retryAttempts":1}},"72518718-2105-4d74-ac11-084106601578":{"id":"e81054e5-4375-4998-ae9b-a397078774fe","type":"arrow","widgetType":"link","label":"","properties":{"curvyness":50,"selected":false,"color":"#545454","points":[{"id":"9b70184b-4f23-42a3-98ca-c9f8bbaffd53","type":"point","x":1143,"y":141.5},{"id":"930a1f0f-6a9f-402c-8a12-d7377eca7df3","type":"point","x":1165,"y":141.5},{"id":"4c7426e4-992f-4d43-8a70-ab4e28dd6252","type":"point","x":1165,"y":204.5},{"id":"8c94a3f1-0ebc-48fa-9d2c-44d50351997d","type":"point","x":1200,"y":204.5}],"width":1,"selectedColor":"#007aa3"},"points":[],"sourcePort":{"id":"98654b30-47e2-4e3f-ae6c-a7d0dbe5bfef","activeWidgetId":"b8c4fe04-4708-44de-8836-37c600eddd34","point":{"x":1143,"y":141}},"targetPort":{"id":"9d486eb6-8787-4105-97d8-fd1fc5356202","activeWidgetId":"f77b9f6a-ceb9-4e09-b768-486ada8e688b","point":{"x":1200,"y":204}}},"1cc0679d-4b67-4a4d-aa8d-62373c78bfb6":{"id":"e3b16c17-a85d-4d02-875d-9a86c80c23b3","type":"arrow","widgetType":"link","label":"","properties":{"curvyness":50,"selected":false,"color":"#545454","points":[{"id":"81d2ea65-2a43-4c0a-a99d-db699d41acda","type":"point","x":1378,"y":204.5},{"id":"6b62a80d-5555-4f0d-b09b-bca9266cabeb","type":"point","x":1400,"y":204.5},{"id":"4f52f915-bce1-43a5-856c-e8e3be213e4f","type":"point","x":1400,"y":272.5},{"id":"d6f6a582-2aab-41ae-941b-6b66ab54313d","type":"point","x":1545,"y":272.5}],"width":1,"selectedColor":"#007aa3"},"points":[],"sourcePort":{"id":"1ee38103-a81a-426b-a4e1-1a2b59bb924d","activeWidgetId":"f77b9f6a-ceb9-4e09-b768-486ada8e688b","point":{"x":1378,"y":204}},"targetPort":{"id":"7f56abff-975d-4258-99a1-ac0094385896","activeWidgetId":"ffe8348b-e51c-47ab-87ee-9315d48460e5","point":{"x":1545,"y":272}}},"1e03419d-c66e-4aeb-adbf-9188824cd95e":{"id":"c20e6d16-d60d-483a-bd60-3f0c3a6a6a6f","type":"action","widgetType":"activity","label":"New Activity Widget in Diagram","point":{"x":1278,"y":520},"ports":[{"portId":"5217c15b-6803-4313-816c-00e3fc97d391","isSourcePort":true,"linkId":"bc67e2f8-8c87-421f-8c8b-b817cf72a398","type":"arrow","links":["bc67e2f8-8c87-421f-8c8b-b817cf72a398"],"properties":{"x":1270,"name":"in","y":538,"label":"in","alignment":"left"}},{"portId":"56e57a38-2b31-4114-8007-e10272951f34","isSourcePort":false,"linkId":"b210b631-a6b2-4a4a-955d-1256c6f6a189","type":"arrow","links":["b210b631-a6b2-4a4a-955d-1256c6f6a189"],"properties":{"x":1445,"name":"default","y":538,"label":"default","alignment":"right"}}],"properties":{"httpRequestHeaders":{},"authenticated":false,"httpRequestBody":"{\n Type: \"JDS Entry\",\n Node: \"JDS_entry\",\n JDSPost : \"{{JDS_entry.httpStatusCode}}\",\n Airtable : \"{{Airtable_MakeEntry.httpStatusCode}}\",\n Airtable1 : \"{{CaseNumber}}\",\n PorNumber : \"{{PodNumber}}\",\n CaseNumber : \"{{Airtable_CaseNumber.httpStatusCode}}\"\n}","httpRequestPath":null,"httpRequestUrl":"https://webhook.site/fdfc0457-8818-4aae-8df8-b23d96be5cb7","connectorId":null,"activityName":"http-request-v2","description":"","httpRequestMethod:type":null,"httpRequestMethod":"POST","outputVariableArray":[{"outputVariable":"Select","jsonPathExp":""}],"activityId":"http-request-v2","httpContentType:type":null,"httpResponseTimeout":2000,"name":"VerifyTest1_kbh","httpContentType":"Application/JSON","_renderRequestTimestamp":1700230356797,"httpQueryParameters":{},"retryAttempts":1}},"d2640d0d-ddae-46a1-b853-187df0b1c829":{"id":"bc67e2f8-8c87-421f-8c8b-b817cf72a398","type":"arrow","widgetType":"link","label":"","properties":{"curvyness":50,"selected":false,"color":"#545454","points":[{"id":"a0096a73-4ed8-4978-b5a9-5eae37092278","type":"point","x":1221,"y":542.5},{"id":"61da7c63-e48f-4f33-aa2d-3879bbe925f9","type":"point","x":1240,"y":542.5},{"id":"fca87721-5f58-4310-b7bf-aaf222ff9220","type":"point","x":1240,"y":500},{"id":"99a1dabe-faa3-468d-b50c-8bbd87670760","type":"point","x":1258.5,"y":500},{"id":"2c961bc0-0b78-49c8-a0d2-e5ae014426fb","type":"point","x":1258.5,"y":546.5},{"id":"bed82101-c674-428d-92c9-caac17681df3","type":"point","x":1275,"y":546.5}],"width":1,"selectedColor":"#007aa3"},"points":[],"sourcePort":{"id":"e71c5e9c-a489-4ad3-9ef9-79a85ff709d4","activeWidgetId":"d19a3cd8-c78a-40fd-8d1e-7316d17ec011","point":{"x":1221,"y":542}},"targetPort":{"id":"5217c15b-6803-4313-816c-00e3fc97d391","activeWidgetId":"c20e6d16-d60d-483a-bd60-3f0c3a6a6a6f","point":{"x":1275,"y":546}}},"785a0721-ac8f-410d-93c4-c8abe3918ceb":{"id":"b210b631-a6b2-4a4a-955d-1256c6f6a189","type":"arrow","widgetType":"link","label":"","properties":{"curvyness":50,"selected":false,"color":"#545454","points":[{"id":"8ed4cb64-8a06-43e4-b169-91ff8bc0bddf","type":"point","x":1453,"y":546.5},{"id":"0fb7a4f6-b021-4dcb-8762-6bff8e7c5836","type":"point","x":1475,"y":546.5},{"id":"edd0187c-e29b-4c2d-b5d2-e07e0e38fe27","type":"point","x":1475,"y":500.5},{"id":"6f85fa77-f422-495a-bf92-82189632e866","type":"point","x":1535,"y":500.5}],"width":1,"selectedColor":"#007aa3"},"points":[],"sourcePort":{"id":"56e57a38-2b31-4114-8007-e10272951f34","activeWidgetId":"c20e6d16-d60d-483a-bd60-3f0c3a6a6a6f","point":{"x":1453,"y":546}},"targetPort":{"id":"1e5c4953-1d53-4c88-9b6f-84ab8c75223d","activeWidgetId":"af322823-dab2-4702-8c2c-8053b4c7f2a8","point":{"x":1535,"y":500}}}},"properties":{"offsetX":-23,"offsetY":87,"zoom":50,"gridSize":0}},"flowId":"65296f158df1a31ec353bed1","eventFlows":{"eventsMap":{"GLOBAL_EVENTS":{"id":"GLOBAL_EVENTS","name":"name","description":"description","process":{"activities":{"d09765c0-342d-4e69-a4ea-3f9a1a58c988":{"id":"d09765c0-342d-4e69-a4ea-3f9a1a58c988","name":"GlobalErrorHandling","group":"event","properties":{"eventSourceId":"5eff0e2eb10162499bc9f932","activityId":"event","eventSourceName":"WebexContactCenter","eventSpecificationId":"627c0663e98eca854178bba6","displayName":"OnGlobalError","eventSpecificationName":"GlobalErrorHandling","iconDiagram":"icon-error-legacy_16","name":"GlobalErrorHandling","eventClassificationId":"5f10475cf021306e89e1692c","event":"OnGlobalError","_renderRequestTimestamp":1700230356797,"eventClassificationName":"VoiceInteractions"}},"e253f71c-5a80-4f2d-9953-d90e76d7e0e3":{"id":"e253f71c-5a80-4f2d-9953-d90e76d7e0e3","name":"AgentContactAssigned","group":"event","properties":{"eventSourceId":"5eff0e2eb10162499bc9f932","activityId":"event","eventSourceName":"WebexContactCenter","eventSpecificationId":"5f354a0c6fb8c44e97ccb30d","displayName":"AgentAnswered","eventSpecificationName":"AgentContactAssigned","iconDiagram":"icon-headset_16","name":"AgentContactAssigned","eventClassificationId":"5f10475cf021306e89e1692c","event":"AgentAnswered","_renderRequestTimestamp":1700230356797,"eventClassificationName":"VoiceInteractions"}},"02f36411-4aae-44f0-a6fb-fdd670330733":{"id":"02f36411-4aae-44f0-a6fb-fdd670330733","name":"ContactPredial","group":"event","properties":{"eventSourceId":"5eff0e2eb10162499bc9f932","activityId":"event","eventSourceName":"WebexContactCenter","eventSpecificationId":"63c914bebfee4622076922b1","displayName":"PreDial","eventSpecificationName":"ContactPredial","iconDiagram":"icon-other-number_16","name":"ContactPredial","eventClassificationId":"5f10475cf021306e89e1692c","event":"PreDial","_renderRequestTimestamp":1700230356797,"eventClassificationName":"VoiceInteractions"}},"debd6d9b-c4ac-40d9-b3f4-2e4d92388e38":{"id":"debd6d9b-c4ac-40d9-b3f4-2e4d92388e38","name":"ContactEnded","group":"event","properties":{"eventSourceId":"5eff0e2eb10162499bc9f932","activityId":"event","eventSourceName":"WebexContactCenter","eventSpecificationId":"5f354a336fb8c44e97ccb30e","displayName":"PhoneContactEnded","eventSpecificationName":"ContactEnded","iconDiagram":"icon-handset-muted_16","name":"ContactEnded","eventClassificationId":"5f10475cf021306e89e1692c","event":"PhoneContactEnded","_renderRequestTimestamp":1700230356797,"eventClassificationName":"VoiceInteractions"}},"471df5d9-885f-4559-8834-065aa1ed060e":{"id":"471df5d9-885f-4559-8834-065aa1ed060e","name":"FCAsk(ContactLastAgentRemoved)","group":"event","properties":{"eventSourceId":"5eff0e2eb10162499bc9f932","activityId":"event","eventSourceName":"WebexContactCenter","eventSpecificationId":"5ffeafa86a7eff72a481c4b5","displayName":"AgentDisconnected","eventSpecificationName":"FCAsk(ContactLastAgentRemoved)","iconDiagram":"icon-headset-muted_16","name":"FCAsk(ContactLastAgentRemoved)","eventClassificationId":"5f10475cf021306e89e1692c","event":"AgentDisconnected","_renderRequestTimestamp":1700230356797,"eventClassificationName":"VoiceInteractions"}},"a9e7bed3-a0b5-4c6d-87f0-01cb675e5cec":{"id":"a9e7bed3-a0b5-4c6d-87f0-01cb675e5cec","name":"ContactCallbackFailed","group":"event","properties":{"eventSourceId":"5eff0e2eb10162499bc9f932","activityId":"event","eventSourceName":"WebexContactCenter","eventSpecificationId":"64461525b1a88734caf6c25b","displayName":"CallbackFailed","eventSpecificationName":"ContactCallbackFailed","iconDiagram":"icon-no-phone-warning_24","name":"ContactCallbackFailed","eventClassificationId":"5f10475cf021306e89e1692c","event":"CallbackFailed","_renderRequestTimestamp":1700230356797,"eventClassificationName":"VoiceInteractions"}},"cd47e04e-3662-4921-87b5-1460158fc5a9":{"id":"cd47e04e-3662-4921-87b5-1460158fc5a9","name":"AgentOfferContact","group":"event","properties":{"eventSourceId":"5eff0e2eb10162499bc9f932","activityId":"event","eventSourceName":"WebexContactCenter","eventSpecificationId":"637da544c02b556cf406d192","displayName":"AgentOffered","eventSpecificationName":"AgentOfferContact","iconDiagram":"icon-audio-call_16","name":"AgentOfferContact","eventClassificationId":"5f10475cf021306e89e1692c","event":"AgentOffered","_renderRequestTimestamp":1700230356797,"eventClassificationName":"VoiceInteractions"}}},"links":[]},"onEvents":{"GlobalErrorHandling":"d09765c0-342d-4e69-a4ea-3f9a1a58c988","AgentOfferContact":"cd47e04e-3662-4921-87b5-1460158fc5a9","AgentContactAssigned":"e253f71c-5a80-4f2d-9953-d90e76d7e0e3","ContactEnded":"debd6d9b-c4ac-40d9-b3f4-2e4d92388e38","FCAsk(ContactLastAgentRemoved)":"471df5d9-885f-4559-8834-065aa1ed060e","ContactPredial":"02f36411-4aae-44f0-a6fb-fdd670330733","ContactCallbackFailed":"a9e7bed3-a0b5-4c6d-87f0-01cb675e5cec"},"diagram":{"widgets":{"d09765c0-342d-4e69-a4ea-3f9a1a58c988":{"id":"5b299c35-0c02-4a09-bd1b-bcd460c6b496","type":"event","widgetType":"activity","label":"New Activity Widget in Diagram","point":{"x":100,"y":115},"ports":[{"portId":"9303e8c7-36f7-4017-beed-645727f0c0b1","isSourcePort":false,"linkId":null,"type":"arrow","links":[],"properties":{"x":267,"name":"out","y":133,"label":"out","alignment":"right"}}],"properties":{"eventSourceId":"5eff0e2eb10162499bc9f932","eventSourceName":"WebexContactCenter","displayName":"OnGlobalError","iconDiagram":"icon-error-legacy_16","activityId":"event","eventSpecificationId":"627c0663e98eca854178bba6","eventSpecificationName":"GlobalErrorHandling","name":"GlobalErrorHandling","eventClassificationId":"5f10475cf021306e89e1692c","event":"OnGlobalError","_renderRequestTimestamp":1700230356797,"eventClassificationName":"VoiceInteractions"}},"cd47e04e-3662-4921-87b5-1460158fc5a9":{"id":"b8180f05-3d22-4aec-8be5-b49fd2d72723","type":"event","widgetType":"activity","label":"New Activity Widget in Diagram","point":{"x":100,"y":230},"ports":[{"portId":"136eca66-da9a-476c-a90e-efd2b8ca6cae","isSourcePort":false,"linkId":null,"type":"arrow","links":[],"properties":{"x":267,"name":"out","y":248,"label":"out","alignment":"right"}}],"properties":{"eventSourceId":"5eff0e2eb10162499bc9f932","eventSourceName":"WebexContactCenter","displayName":"AgentOffered","iconDiagram":"icon-audio-call_16","activityId":"event","eventSpecificationId":"637da544c02b556cf406d192","eventSpecificationName":"AgentOfferContact","name":"AgentOfferContact","eventClassificationId":"5f10475cf021306e89e1692c","event":"AgentOffered","_renderRequestTimestamp":1700230356797,"eventClassificationName":"VoiceInteractions"}},"e253f71c-5a80-4f2d-9953-d90e76d7e0e3":{"id":"d19c6980-c152-4023-8a21-8df83b4c9d27","type":"event","widgetType":"activity","label":"New Activity Widget in Diagram","point":{"x":100,"y":345},"ports":[{"portId":"9dbc66c8-f0bf-4695-92d7-6c98514bf133","isSourcePort":false,"linkId":null,"type":"arrow","links":[],"properties":{"x":267,"name":"out","y":363,"label":"out","alignment":"right"}}],"properties":{"eventSourceId":"5eff0e2eb10162499bc9f932","eventSourceName":"WebexContactCenter","displayName":"AgentAnswered","iconDiagram":"icon-headset_16","activityId":"event","eventSpecificationId":"5f354a0c6fb8c44e97ccb30d","eventSpecificationName":"AgentContactAssigned","name":"AgentContactAssigned","eventClassificationId":"5f10475cf021306e89e1692c","event":"AgentAnswered","_renderRequestTimestamp":1700230356797,"eventClassificationName":"VoiceInteractions"}},"debd6d9b-c4ac-40d9-b3f4-2e4d92388e38":{"id":"08c86be6-97d4-4277-a096-d34a1f7129d5","type":"event","widgetType":"activity","label":"New Activity Widget in Diagram","point":{"x":100,"y":460},"ports":[{"portId":"c8cea893-3a0e-4fbf-b0bb-4000e8341dc5","isSourcePort":false,"linkId":null,"type":"arrow","links":[],"properties":{"x":267,"name":"out","y":478,"label":"out","alignment":"right"}}],"properties":{"eventSourceId":"5eff0e2eb10162499bc9f932","eventSourceName":"WebexContactCenter","displayName":"PhoneContactEnded","iconDiagram":"icon-handset-muted_16","activityId":"event","eventSpecificationId":"5f354a336fb8c44e97ccb30e","eventSpecificationName":"ContactEnded","name":"ContactEnded","eventClassificationId":"5f10475cf021306e89e1692c","event":"PhoneContactEnded","_renderRequestTimestamp":1700230356797,"eventClassificationName":"VoiceInteractions"}},"471df5d9-885f-4559-8834-065aa1ed060e":{"id":"b66ec92f-fc6a-4c32-b6f8-051442e87f9f","type":"event","widgetType":"activity","label":"New Activity Widget in Diagram","point":{"x":100,"y":575},"ports":[{"portId":"69737649-067f-41f0-9cd2-44d0d9d2ade8","isSourcePort":false,"linkId":null,"type":"arrow","links":[],"properties":{"x":267,"name":"out","y":593,"label":"out","alignment":"right"}}],"properties":{"eventSourceId":"5eff0e2eb10162499bc9f932","eventSourceName":"WebexContactCenter","displayName":"AgentDisconnected","iconDiagram":"icon-headset-muted_16","activityId":"event","eventSpecificationId":"5ffeafa86a7eff72a481c4b5","eventSpecificationName":"FCAsk(ContactLastAgentRemoved)","name":"FCAsk(ContactLastAgentRemoved)","eventClassificationId":"5f10475cf021306e89e1692c","event":"AgentDisconnected","_renderRequestTimestamp":1700230356797,"eventClassificationName":"VoiceInteractions"}},"02f36411-4aae-44f0-a6fb-fdd670330733":{"id":"18e2f404-1727-4298-b3a6-38c0c62f56a4","type":"event","widgetType":"activity","label":"New Activity Widget in Diagram","point":{"x":100,"y":690},"ports":[{"portId":"c7163e32-d75f-420b-93ef-8859d6cd89b0","isSourcePort":false,"linkId":null,"type":"arrow","links":[],"properties":{"x":267,"name":"out","y":708,"label":"out","alignment":"right"}}],"properties":{"eventSourceId":"5eff0e2eb10162499bc9f932","eventSourceName":"WebexContactCenter","displayName":"PreDial","iconDiagram":"icon-other-number_16","activityId":"event","eventSpecificationId":"63c914bebfee4622076922b1","eventSpecificationName":"ContactPredial","name":"ContactPredial","eventClassificationId":"5f10475cf021306e89e1692c","event":"PreDial","_renderRequestTimestamp":1700230356797,"eventClassificationName":"VoiceInteractions"}},"a9e7bed3-a0b5-4c6d-87f0-01cb675e5cec":{"id":"b8304b79-776f-400c-a005-4fc8311e1653","type":"event","widgetType":"activity","label":"New Activity Widget in Diagram","point":{"x":100,"y":805},"ports":[{"portId":"7f40bc99-0fdf-4eaa-8185-fe1e0280e14e","isSourcePort":false,"linkId":null,"type":"arrow","links":[],"properties":{"x":267,"name":"out","y":823,"label":"out","alignment":"right"}}],"properties":{"eventSourceId":"5eff0e2eb10162499bc9f932","eventSourceName":"WebexContactCenter","displayName":"CallbackFailed","iconDiagram":"icon-no-phone-warning_24","activityId":"event","eventSpecificationId":"64461525b1a88734caf6c25b","eventSpecificationName":"ContactCallbackFailed","name":"ContactCallbackFailed","eventClassificationId":"5f10475cf021306e89e1692c","event":"CallbackFailed","_renderRequestTimestamp":1700230356797,"eventClassificationName":"VoiceInteractions"}}},"properties":{}}}},"properties":{"offsetX":0,"offsetY":0,"zoom":0,"gridSize":0}},"runtimeVariables":[],"validating":true,"persist":true,"validationResults":[],"createdBy":"wxcclabs@gmail.com","createdDate":"2023-11-17T14:12:43.691","lastModifiedDate":"2023-11-17T14:12:43.691","lastModifiedBy":"wxcclabs@gmail.com","variableOrders":{"pop-over":[{"name":"ani","variableSeq":"0"},{"name":"dn","variableSeq":"1"},{"name":"virtualTeamName","variableSeq":"2"}],"interaction-panel":[{"name":"Zip","variableSeq":"0"},{"name":"PreferVoice","variableSeq":"1"},{"name":"FirstName","variableSeq":"2"}]}}