{"orgId":"e56f00d4-98d8-4b62-a165-d05a41243d98","version":12,"id":"65577a95ac3a1e29d9626e9e","flowType":"FLOW","name":"JDS_UseCase3_TemporaryID_Tarek","description":"","comment":"","variables":[{"name":"FirstName","description":"","type":"STRING","value":null,"isCAD":true,"desktopLabel":"First Name","isAgentEditable":false,"source":"","isReportable":false,"overwrite":false,"isSecure":false,"id":""},{"name":"LastName","description":"","type":"STRING","value":null,"isCAD":true,"desktopLabel":"Last Name","isAgentEditable":false,"source":"","isReportable":false,"overwrite":false,"isSecure":false,"id":""},{"name":"Street","description":"","type":"STRING","value":null,"isCAD":true,"desktopLabel":"Street","isAgentEditable":false,"source":"","isReportable":false,"overwrite":false,"isSecure":false,"id":""},{"name":"City","description":"","type":"STRING","value":null,"isCAD":true,"desktopLabel":"City","isAgentEditable":false,"source":"","isReportable":false,"overwrite":false,"isSecure":false,"id":""},{"name":"State","description":"","type":"STRING","value":null,"isCAD":true,"desktopLabel":"State","isAgentEditable":false,"source":"","isReportable":false,"overwrite":false,"isSecure":false,"id":""},{"name":"Zip","description":"","type":"STRING","value":null,"isCAD":true,"desktopLabel":"Zip","isAgentEditable":false,"source":"","isReportable":false,"overwrite":false,"isSecure":false,"id":""},{"name":"Balance","description":"","type":"STRING","value":null,"isCAD":true,"desktopLabel":"Balance","isAgentEditable":false,"source":"","isReportable":false,"overwrite":false,"isSecure":false,"id":""},{"name":"AccountNumber","description":"","type":"STRING","value":null,"isCAD":true,"desktopLabel":"AccountNumber","isAgentEditable":false,"source":"","isReportable":false,"overwrite":false,"isSecure":false,"id":""},{"name":"Product","description":"","type":"STRING","value":null,"isCAD":true,"desktopLabel":"Product","isAgentEditable":false,"source":"","isReportable":false,"overwrite":false,"isSecure":false,"id":""},{"name":"SecurityWord","description":"","type":"STRING","value":null,"isCAD":true,"desktopLabel":"Security Word","isAgentEditable":false,"source":"","isReportable":false,"overwrite":false,"isSecure":false,"id":""},{"name":"LastPurchase","description":"","type":"STRING","value":null,"isCAD":true,"desktopLabel":"Last Purchase","isAgentEditable":false,"source":"","isReportable":false,"overwrite":false,"isSecure":false,"id":""},{"name":"PreferVoice","description":"","type":"BOOLEAN","value":"True","isCAD":true,"desktopLabel":"Prefer Voice","isAgentEditable":false,"source":"","isReportable":false,"overwrite":false,"isSecure":false,"id":""},{"name":"WelcomeMessage_SMS","description":"","type":"STRING","value":"Here is a link to your options","isCAD":false,"desktopLabel":"","isAgentEditable":false,"source":"","isReportable":false,"overwrite":false,"isSecure":false,"id":""},{"name":"JDS_Source","description":"","type":"STRING","value":null,"isCAD":false,"desktopLabel":"","isAgentEditable":false,"source":"","isReportable":false,"overwrite":false,"isSecure":false,"id":""},{"name":"Welcome_Message_Start","description":"","type":"STRING","value":null,"isCAD":false,"desktopLabel":"","isAgentEditable":false,"source":"","isReportable":false,"overwrite":false,"isSecure":false,"id":""},{"name":"JDS_PostMessage","description":"","type":"STRING","value":null,"isCAD":false,"desktopLabel":"","isAgentEditable":false,"source":"","isReportable":false,"overwrite":false,"isSecure":false,"id":""},{"name":"AccessToken","description":"","type":"STRING","value":null,"isCAD":false,"desktopLabel":"","isAgentEditable":false,"source":"","isReportable":false,"overwrite":false,"isSecure":false,"id":""},{"name":"CaseNumber","description":"","type":"STRING","value":null,"isCAD":false,"desktopLabel":"","isAgentEditable":false,"source":"","isReportable":false,"overwrite":false,"isSecure":false,"id":""},{"name":"ReservationNumber","description":"","type":"STRING","value":null,"isCAD":false,"desktopLabel":"","isAgentEditable":false,"source":"","isReportable":false,"overwrite":false,"isSecure":false,"id":""},{"name":"TemporaryID","description":"","type":"STRING","value":null,"isCAD":false,"desktopLabel":"","isAgentEditable":false,"source":"","isReportable":false,"overwrite":false,"isSecure":false,"id":""},{"name":"Email","description":"","type":"STRING","value":null,"isCAD":false,"desktopLabel":"","isAgentEditable":false,"source":"","isReportable":false,"overwrite":false,"isSecure":false,"id":""},{"name":"NumeroDeCuenta","description":"","type":"INTEGER","value":"0000","isCAD":false,"desktopLabel":"","isAgentEditable":false,"source":"","isReportable":false,"overwrite":false,"isSecure":false,"id":""},{"name":"WorkspaceID","description":"","type":"STRING","value":"65289035907a2248f30ed88a","isCAD":false,"desktopLabel":"","isAgentEditable":false,"source":"GLOBAL","isReportable":false,"overwrite":false,"isSecure":false,"id":"5c561834-ea7f-4059-823d-1db58c7c3005"},{"name":"JDS_Token","description":"Token used for JDS, make sure to copy this from postman","type":"STRING","value":"ZjY1Zjg4N2YtZTg1Ni00OTdlLWI1MmEtMzZkZjYwMDExMzI5NjQ3ZWI5ZTAtMzc2_P0A1_e56f00d4-98d8-4b62-a165-d05a41243d98","isCAD":false,"desktopLabel":"","isAgentEditable":false,"source":"GLOBAL","isReportable":false,"overwrite":false,"isSecure":false,"id":"4e99113c-128d-410c-b6eb-91b72bc9c17e"}],"process":{"activities":{"44f5295b-3d47-4b20-9cb0-524a367ab869":{"id":"44f5295b-3d47-4b20-9cb0-524a367ab869","name":"NewPhoneContact","group":"start","properties":{"activityId":"start","name":"NewPhoneContact","activityName":"NewPhoneContact","event":"NewPhoneContact","_renderRequestTimestamp":1700231823228,"flowType":{"eventSourceId":"5eff0e2eb10162499bc9f932","eventSourceName":"WebexContactCenter","eventSpecificationId":"5f2d02144332507e39cc8a7f","eventSpecificationName":"ContactStartWorkflow","eventClassificationId":"5f10475cf021306e89e1692c","eventClassificationName":"VoiceInteractions"}}},"0ddaa5b5-32e1-4a8a-a3cb-052b12e85ca2":{"id":"0ddaa5b5-32e1-4a8a-a3cb-052b12e85ca2","name":"Bienvenido","group":"action","properties":{"volumeGainDb":"0","speakingRate":"1","voiceLanguage":"es-ES-Wavenet-B","activityName":"play-message","description":"","toggle":true,"connector:type":null,"voiceLanguage_type":null,"activityId":"5f114466ef5cfc454fbbf131","connector":"cf321105-8efa-4819-950e-a1e19059f331","name":"Bienvenido","connector_type":null,"toggleLanguage":true,"voiceLanguage:type":null,"_renderRequestTimestamp":1700231823228,"prompts":null,"promptsTts":[{"type":"tts","value":"¡Hola! Bienvenido a la demo del caso de uso 3."}]}},"9e10d800-af3f-4ca9-9158-6dadc740ef21":{"id":"9e10d800-af3f-4ca9-9158-6dadc740ef21","name":"AccountNumber_Exists","group":"enum-gateway","properties":{"activityId":"condition-activity","expression":"{{ NumeroDeCuentaEntrado.DigitsEntered == AccountNumber }}","name":"AccountNumber_Exists","activityName":"condition-activity","description":"","_renderRequestTimestamp":1700231823229}},"19310527-1112-4741-a542-87be14974c38":{"id":"19310527-1112-4741-a542-87be14974c38","name":"Cuenta_Invalida","group":"action","properties":{"volumeGainDb":"0","speakingRate":"1","voiceLanguage":"es-ES-Wavenet-B","activityName":"play-message","description":"","toggle":true,"connector:type":null,"voiceLanguage_type":null,"activityId":"5f114466ef5cfc454fbbf131","connector":"cf321105-8efa-4819-950e-a1e19059f331","name":"Cuenta_Invalida","connector_type":null,"toggleLanguage":true,"voiceLanguage:type":null,"_renderRequestTimestamp":1700231823229,"prompts":null,"promptsTts":[{"type":"tts","value":"Su número no es válido, comience de nuevo."}]}},"5ac963a2-40d8-4279-b43c-6609f63ca39b":{"id":"5ac963a2-40d8-4279-b43c-6609f63ca39b","name":"ClienteConfirmado","group":"action","properties":{"volumeGainDb":"0","speakingRate":"1","voiceLanguage":"es-ES-Wavenet-B","activityName":"play-message","description":"","toggle":true,"connector:type":null,"voiceLanguage_type":null,"activityId":"5f114466ef5cfc454fbbf131","connector":"cf321105-8efa-4819-950e-a1e19059f331","name":"ClienteConfirmado","connector_type":null,"toggleLanguage":true,"voiceLanguage:type":null,"_renderRequestTimestamp":1700231823229,"prompts":null,"promptsTts":[{"type":"tts","value":"Es un placer que nos llame, Don Luis Díaz, y gracias por el partido de ayer"}]}},"c8de9f77-90ae-47c8-a209-6b66faf460e0":{"id":"c8de9f77-90ae-47c8-a209-6b66faf460e0","name":"JDS_entry_Known","group":"action","properties":{"httpRequestHeaders":{"Authorization":"Bearer {{JDS_Token}}"},"httpRequestMethod_type":null,"authenticated":false,"httpRequestBody":"{\n  \"id\": \"{{NewPhoneContact.interactionId}}\",\n  \"specversion\": \"1.0\",\n  \"type\": \"UseCase3\",\n  \"source\": \"flow\",\n  \"previousidentity\":\"Unknow001\",\n  \"identity\": \"customerVIP7@customers.com\",\n  \"identitytype\": \"email\",\n  \"datacontenttype\": \"application/json\",\n  \"data\": {\n    \"origin\": \"El cliente ha llamado varias veces al numero publico\",\n    \"channelType\": \"telephony\",\n    \"MessageForAgent\" : \"enviar el numer VIP a Don Luis Díaz con el codigo secreto\",\n    \"category\": \"proactive\",\n    \"status\": \"On-going\"\n}\n}","httpRequestPath":null,"httpRequestUrl":"https://api-jds.prod-useast1.ciscowxdap.com/publish/v1/api/event","connectorId":null,"description":"","activityId":"http-request-v2","httpResponseTimeout":2000,"httpContentType":"Application/JSON","_renderRequestTimestamp":1700231823229,"contentType":"JSON","httpQueryParameters":{"workspaceId":"{{WorkspaceID}}"},"retryAttempts":1,"contentType_type":null,"activityName":"http-request-v2","httpContentType_type":null,"httpRequestMethod:type":null,"httpRequestMethod":"POST","outputVariableArray":[{"outputVariable":"JDS_PostMessage","jsonPathExp":"$.data"}],"httpContentType:type":null,"contentType:type":null,"name":"JDS_entry_Known"}},"00aee47e-724c-46a4-98fa-a971ef494ee4":{"id":"00aee47e-724c-46a4-98fa-a971ef494ee4","name":"TicketVIP","group":"action","properties":{"volumeGainDb":"0","speakingRate":"1","voiceLanguage":"es-ES-Wavenet-B","activityName":"play-message","description":"","toggle":true,"connector:type":null,"voiceLanguage_type":null,"activityId":"5f114466ef5cfc454fbbf131","connector":"cf321105-8efa-4819-950e-a1e19059f331","name":"TicketVIP","connector_type":null,"toggleLanguage":true,"voiceLanguage:type":null,"_renderRequestTimestamp":1700231823229,"prompts":null,"promptsTts":[{"type":"tts","value":"Sentimos la complicaciones para contactarnos. No se preocupe, para las proximas veces, le enviaremos una linea VIP con su código secreto por SMS, para que sea atendido de inmediato. Hasta pronto"}]}},"925689c3-0c6c-4c7e-91e5-44b6ff587b5a":{"id":"925689c3-0c6c-4c7e-91e5-44b6ff587b5a","name":"DisconnectContact_2uv","group":"terminating-action","properties":{"name":"DisconnectContact_2uv","activityName":"disconnect-contact","activityId":"5faa898c8bf5b65b82f0706b","_renderRequestTimestamp":1700231823229}},"a7f38121-5c79-4ea9-a844-16ff7f528e80":{"id":"a7f38121-5c79-4ea9-a844-16ff7f528e80","name":"NumeroDeCuentaEntrado","group":"action","properties":{"volumeGainDb":"0","speakingRate":"1","voiceLanguage":"es-ES-Wavenet-B","activityName":"ivr-collectdigits","maxDigits":"4","description":"","terminatorSymbol":"#","toggle":true,"connector:type":null,"interruptible":true,"voiceLanguage_type":null,"activityId":"5f1144eaef5cfc454fbbf132","connector":"cf321105-8efa-4819-950e-a1e19059f331","minDigits":"4","name":"NumeroDeCuentaEntrado","connector_type":null,"toggleLanguage":true,"interDigitTimeout":3,"voiceLanguage:type":null,"_renderRequestTimestamp":1700231823229,"prompts":null,"entryTimeout":3,"promptsTts":[{"type":"tts","value":"¿Podría por favor ingresar su número de cuenta?"}]}},"20ac62bd-26a8-4d5b-9f6a-8d6a66265730":{"id":"20ac62bd-26a8-4d5b-9f6a-8d6a66265730","name":"Airtable_information","group":"action","properties":{"httpRequestHeaders":{"Authorization":"Bearer patHLGQIjzqRPaRNI.73f8a7bd7a582c855759da035beb2ee7cc6e1a9a2cf4146bad6af4c34195f41f"},"httpRequestMethod_type":null,"authenticated":false,"httpRequestPath":null,"httpRequestUrl":"https://api.airtable.com/v0/appeDporqdsKXs21x/tblr3idbO7kyY5HS3?view=Grid%20view&filterByFormula=({AccountNumber}='0001')","connectorId":null,"contentType_type":null,"activityName":"http-request-v2","description":"Get Airtable information","httpContentType_type":null,"httpRequestMethod:type":null,"httpRequestMethod":"GET","outputVariableArray":[{"outputVariable":"CaseNumber","jsonPathExp":"$.records[0].fields.Case"},{"outputVariable":"AccountNumber","jsonPathExp":"$.records[0].fields.AccountNumber"},{"outputVariable":"FirstName","jsonPathExp":"$.records[0].fields.Name"},{"outputVariable":"Email","jsonPathExp":"$.records[0].fields.Email"}],"activityId":"http-request-v2","httpContentType:type":null,"httpResponseTimeout":2000,"contentType:type":null,"name":"Airtable_information","httpContentType":"Application/JSON","_renderRequestTimestamp":1700231823229,"contentType":"JSON","httpQueryParameters":{},"retryAttempts":1}},"7373112a-6d9a-46a1-b9df-ba05af12aec5":{"id":"7373112a-6d9a-46a1-b9df-ba05af12aec5","name":"Verifications","group":"action","properties":{"httpRequestHeaders":{},"httpRequestMethod_type":null,"authenticated":false,"httpRequestBody":"{\n Type: \"JDS Entry\",\n Node: \"JDS_entry\",\n JDSGetToken : \"{{JDS_Token}}\",\n JDSPost : \"{{JDS_entry_unkown.httpStatusCode}}\",\n Airtable : \"{{NumeroDeCuentaEntrado.DigitsEntered}}\",\n Airtable1 : \"{{CaseNumber}}\",\n Airtable2 : \"{{Email}}\",\n Airtable3 : \"{{FirstName}}\"\n}","httpRequestPath":null,"httpRequestUrl":"https://webhook.site/fdfc0457-8818-4aae-8df8-b23d96be5cb7","connectorId":null,"activityName":"http-request-v2","description":"","httpContentType_type":null,"httpRequestMethod:type":null,"httpRequestMethod":"POST","outputVariableArray":[{"outputVariable":"Select","jsonPathExp":""}],"activityId":"http-request-v2","httpContentType:type":null,"httpResponseTimeout":2000,"name":"Verifications","httpContentType":"Application/JSON","_renderRequestTimestamp":1700231823230,"httpQueryParameters":{},"retryAttempts":1}},"893801b7-9506-4280-b652-867f916dc94a":{"id":"893801b7-9506-4280-b652-867f916dc94a","name":"JDS_entry_unkown","group":"action","properties":{"httpRequestHeaders":{"Authorization":"Bearer {{JDS_Token}}"},"httpRequestMethod_type":null,"authenticated":false,"httpRequestBody":"{ \"id\": \"{{NewPhoneContact.interactionId}}\",\n  \"specversion\": \"1.0\",\n  \"type\": \"UseCase3\",\n  \"source\": \"flow\",\n  \"identity\": \"Unknow001\",\n  \"identitytype\": \"temporaryId\",\n  \"datacontenttype\": \"application/json\",\n  \"data\": {\n    \"origin\": \"llamada de un cliente desconocido\",\n    \"channelType\": \"telephony\",\n    \"MessageForAgent\" : \"cliente no ha entrado una cuenta valida\",\n    \"Numero de Cuenta Intentado\": \"{{ NumeroDeCuentaEntrado.DigitsEntered}}\",\n    \"status\": \"On-going\"\n}\n}","httpRequestPath":null,"httpRequestUrl":"https://api-jds.prod-useast1.ciscowxdap.com/publish/v1/api/event","connectorId":null,"description":"","activityId":"http-request-v2","httpResponseTimeout":2000,"httpContentType":"Application/JSON","_renderRequestTimestamp":1700231823230,"contentType":"JSON","httpQueryParameters":{"workspaceId":"{{WorkspaceID}}"},"retryAttempts":1,"contentType_type":null,"activityName":"http-request-v2","httpContentType_type":null,"httpRequestMethod:type":null,"httpRequestMethod":"POST","outputVariableArray":[{"outputVariable":"JDS_PostMessage","jsonPathExp":"$.data"}],"httpContentType:type":null,"contentType:type":null,"name":"JDS_entry_unkown"}},"29ed4200-307d-4aa2-870c-f17e8c7cdcb7":{"id":"29ed4200-307d-4aa2-870c-f17e8c7cdcb7","name":"SendSMS","group":"action","properties":{"httpRequestHeaders":{},"httpRequestMethod_type":null,"authenticated":false,"httpRequestBody":"{ \"CustomerName\": \"Tarek Ayadi\", \"CustomerNumber\": \"33642599901\" }","httpRequestPath":null,"httpRequestUrl":"https://hooks.uk.webexconnect.io/events/NR438Q6GGJ","connectorId":null,"activityName":"http-request-v2","description":"","httpContentType_type":null,"httpRequestMethod:type":null,"httpRequestMethod":"POST","outputVariableArray":[{"outputVariable":"Select","jsonPathExp":""}],"activityId":"http-request-v2","httpContentType:type":null,"httpResponseTimeout":2000,"name":"SendSMS","httpContentType":"Application/JSON","_renderRequestTimestamp":1700231823230,"httpQueryParameters":{},"retryAttempts":1}},"cc26f6ab-ea49-475e-b406-d070fbfc6caa":{"id":"cc26f6ab-ea49-475e-b406-d070fbfc6caa","name":"Verifications2","group":"action","properties":{"httpRequestHeaders":{},"httpRequestMethod_type":null,"authenticated":false,"httpRequestBody":"{\n Type: \"JDS Entry\",\n Node: \"JDS_entry\",\n JDSPost1 : \"{{JDS_entry_unkown.httpStatusCode}}\",\n JDSPost2 : \"{{JDS_entry_Known.httpStatusCode}}\",\n WxConnect : \"{{SendSMS.httpStatusCode}}\"\n}","httpRequestPath":null,"httpRequestUrl":"https://webhook.site/fa952392-5ed6-4a53-992a-102fa08d1dd8","connectorId":null,"activityName":"http-request-v2","description":"","httpContentType_type":null,"httpRequestMethod:type":null,"httpRequestMethod":"POST","outputVariableArray":[{"outputVariable":"Select","jsonPathExp":""}],"activityId":"http-request-v2","httpContentType:type":null,"httpResponseTimeout":2000,"name":"Verifications2","httpContentType":"Application/JSON","_renderRequestTimestamp":1700231823230,"httpQueryParameters":{},"retryAttempts":1}}},"links":[{"id":"d84c1920-fca2-45ec-b8b2-cf7f1fce69f0","sourceActivityId":"44f5295b-3d47-4b20-9cb0-524a367ab869","targetActivityId":"0ddaa5b5-32e1-4a8a-a3cb-052b12e85ca2","conditionExpr":"out","properties":{"value":"out"}},{"id":"12b58f16-8e90-4911-a49b-1623ddf5c918","sourceActivityId":"9e10d800-af3f-4ca9-9158-6dadc740ef21","targetActivityId":"19310527-1112-4741-a542-87be14974c38","conditionExpr":"false","properties":{"value":"false"}},{"id":"66412ed0-878a-44c2-bca5-2e704e1db0d3","sourceActivityId":"9e10d800-af3f-4ca9-9158-6dadc740ef21","targetActivityId":"5ac963a2-40d8-4279-b43c-6609f63ca39b","conditionExpr":"true","properties":{"value":"true"}},{"id":"b81a175e-8aed-47ca-8828-9932ee0d8507","sourceActivityId":"5ac963a2-40d8-4279-b43c-6609f63ca39b","targetActivityId":"c8de9f77-90ae-47c8-a209-6b66faf460e0","conditionExpr":"default","properties":{"value":"default"}},{"id":"e3d90638-3392-4109-b071-69f490baea19","sourceActivityId":"00aee47e-724c-46a4-98fa-a971ef494ee4","targetActivityId":"925689c3-0c6c-4c7e-91e5-44b6ff587b5a","conditionExpr":"default","properties":{"value":"default"}},{"id":"046871f1-126e-4d9e-bbc7-151bc5857365","sourceActivityId":"19310527-1112-4741-a542-87be14974c38","targetActivityId":"a7f38121-5c79-4ea9-a844-16ff7f528e80","conditionExpr":"default","properties":{"value":"default"}},{"id":"aeaf8e83-cf2c-4f43-a641-dd0facae0704","sourceActivityId":"20ac62bd-26a8-4d5b-9f6a-8d6a66265730","targetActivityId":"7373112a-6d9a-46a1-b9df-ba05af12aec5","conditionExpr":"default","properties":{"value":"default"}},{"id":"f5267eca-26e5-4102-94cb-f3de0e009881","sourceActivityId":"7373112a-6d9a-46a1-b9df-ba05af12aec5","targetActivityId":"9e10d800-af3f-4ca9-9158-6dadc740ef21","conditionExpr":"default","properties":{"value":"default"}},{"id":"36c15872-f640-443b-a064-0363be4496b3","sourceActivityId":"0ddaa5b5-32e1-4a8a-a3cb-052b12e85ca2","targetActivityId":"a7f38121-5c79-4ea9-a844-16ff7f528e80","conditionExpr":"default","properties":{"value":"default"}},{"id":"e2f5fd34-7e9c-43b3-9156-62b642cd585c","sourceActivityId":"a7f38121-5c79-4ea9-a844-16ff7f528e80","targetActivityId":"893801b7-9506-4280-b652-867f916dc94a","conditionExpr":"default","properties":{"value":"default"}},{"id":"b26f37d9-b19b-4dac-9d41-27d44a997bee","sourceActivityId":"893801b7-9506-4280-b652-867f916dc94a","targetActivityId":"20ac62bd-26a8-4d5b-9f6a-8d6a66265730","conditionExpr":"default","properties":{"value":"default"}},{"id":"ef782a21-f0b8-4318-b572-04f5d40541e7","sourceActivityId":"c8de9f77-90ae-47c8-a209-6b66faf460e0","targetActivityId":"29ed4200-307d-4aa2-870c-f17e8c7cdcb7","conditionExpr":"default","properties":{"value":"default"}},{"id":"9f363457-2fe0-4863-af01-80941aa417a6","sourceActivityId":"29ed4200-307d-4aa2-870c-f17e8c7cdcb7","targetActivityId":"cc26f6ab-ea49-475e-b406-d070fbfc6caa","conditionExpr":"default","properties":{"value":"default"}},{"id":"fec688f3-9f25-4c29-99d7-5014495b7593","sourceActivityId":"cc26f6ab-ea49-475e-b406-d070fbfc6caa","targetActivityId":"00aee47e-724c-46a4-98fa-a971ef494ee4","conditionExpr":"default","properties":{"value":"default"}}]},"diagram":{"widgets":{"44f5295b-3d47-4b20-9cb0-524a367ab869":{"id":"b0399bed-12bc-464b-894b-7fd880cb3f52","type":"start","widgetType":"activity","label":"New Activity Widget in Diagram","point":{"x":-188,"y":44},"ports":[{"portId":"7e8391bc-9190-4c7f-a57b-f39eba4a89c1","isSourcePort":false,"linkId":"b56ae654-bc08-4751-8304-cdf70e875e53","type":"arrow","links":["b56ae654-bc08-4751-8304-cdf70e875e53"],"properties":{"x":-20.99999153645865,"name":"out","y":61.99998670029163,"label":"out","alignment":"right"}}],"properties":{"activityId":"start","name":"NewPhoneContact","activityName":"NewPhoneContact","event":"NewPhoneContact","_renderRequestTimestamp":1700231823228,"flowType":{"eventSourceId":"5eff0e2eb10162499bc9f932","eventSourceName":"WebexContactCenter","eventSpecificationId":"5f2d02144332507e39cc8a7f","eventSpecificationName":"ContactStartWorkflow","eventClassificationId":"5f10475cf021306e89e1692c","eventClassificationName":"VoiceInteractions"}}},"0ddaa5b5-32e1-4a8a-a3cb-052b12e85ca2":{"id":"2c4a4181-115c-44dc-9e93-994bc48b626b","type":"action","widgetType":"activity","label":"New Activity Widget in Diagram","point":{"x":44,"y":43},"ports":[{"portId":"d94b488c-b4d4-4f47-aed9-68824897304a","isSourcePort":true,"linkId":"b56ae654-bc08-4751-8304-cdf70e875e53","type":"arrow","links":["b56ae654-bc08-4751-8304-cdf70e875e53"],"properties":{"x":36.00000846354135,"name":"in","y":60.99998670029163,"label":"in","alignment":"left"}},{"portId":"0b73adfb-8716-4959-a54f-5893e6b67ce6","isSourcePort":false,"linkId":"a83821af-2601-4a02-9a53-d93691f390e1","type":"arrow","links":["a83821af-2601-4a02-9a53-d93691f390e1"],"properties":{"x":211.00000846354135,"name":"default","y":60.99998670029163,"label":"default","alignment":"right"}},{"portId":"58d37b30-cce8-47e9-9f11-87bb7e7903e8","isSourcePort":false,"linkId":null,"type":"arrow","links":[],"properties":{"x":211.50000846354135,"name":"error","y":154.66685681747913,"label":"error","alignment":"right"}}],"properties":{"volumeGainDb":"0","speakingRate":"1","voiceLanguage":"es-ES-Wavenet-B","activityName":"play-message","description":"","toggle":true,"connector:type":null,"activityId":"5f114466ef5cfc454fbbf131","connector":"cf321105-8efa-4819-950e-a1e19059f331","name":"Bienvenido","toggleLanguage":true,"voiceLanguage:type":null,"_renderRequestTimestamp":1700231823228,"prompts":null,"promptsTts":[{"type":"tts","value":"¡Hola! Bienvenido a la demo del caso de uso 3."}]}},"d84c1920-fca2-45ec-b8b2-cf7f1fce69f0":{"id":"b56ae654-bc08-4751-8304-cdf70e875e53","type":"arrow","widgetType":"link","label":"","properties":{"curvyness":50,"selected":false,"color":"#545454","points":[{"id":"63f104ef-87aa-42b0-9097-b1cd7b9bd5c5","type":"point","x":-13,"y":70.49998670029163},{"id":"160cd4ad-f577-4db8-aa94-e799d911767c","type":"point","x":10,"y":70.49998670029163},{"id":"fc0fc30a-927a-4f4f-8427-0422d0f55566","type":"point","x":10,"y":23},{"id":"cf96d807-39b0-4850-9f3d-78dc72efa43f","type":"point","x":24.50000846354135,"y":23},{"id":"96831954-38a8-4a88-9760-0d7e8bdc357a","type":"point","x":24.50000846354135,"y":69.49998670029163},{"id":"7e75e437-dff0-4b3b-bec9-e5229234827f","type":"point","x":40,"y":69.49998670029163}],"width":1,"selectedColor":"#007aa3"},"points":[],"sourcePort":{"id":"7e8391bc-9190-4c7f-a57b-f39eba4a89c1","activeWidgetId":"b0399bed-12bc-464b-894b-7fd880cb3f52","point":{"x":-13,"y":70}},"targetPort":{"id":"d94b488c-b4d4-4f47-aed9-68824897304a","activeWidgetId":"2c4a4181-115c-44dc-9e93-994bc48b626b","point":{"x":40,"y":69}}},"9e10d800-af3f-4ca9-9158-6dadc740ef21":{"id":"f9d061d7-30f7-49d2-843f-dfe2f27cf0ba","type":"enum-gateway","widgetType":"activity","label":"New Activity Widget in Diagram","point":{"x":707,"y":257},"ports":[{"portId":"1fcb7bcf-467b-4f83-8eaf-29031ea9653e","isSourcePort":true,"linkId":"addcfe8a-678d-4463-8348-f1b881d5ee97","type":"arrow","links":["addcfe8a-678d-4463-8348-f1b881d5ee97"],"properties":{"x":699.0000084635412,"name":"in","y":270.99998670029163,"label":"in","alignment":"left"}},{"portId":"95de77ff-35ee-4e1a-8bff-5b0beb9ce0a6","isSourcePort":false,"linkId":null,"type":"arrow","links":[],"properties":{"x":874.5000084635412,"name":"error","y":450.82310681747913,"label":"error","alignment":"right"}},{"portId":"60affb2c-085b-40f4-93c6-bf7351ec8881","isSourcePort":false,"linkId":"e81c5782-a0d7-41ee-b3d9-fe23baba5356","type":"arrow","links":["e81c5782-a0d7-41ee-b3d9-fe23baba5356"],"properties":{"x":874.5000084635412,"name":"true","y":355.52623181747913,"label":"true","alignment":"right"}},{"portId":"754e5ded-1b4d-4411-8fae-4ba9cd7267a8","isSourcePort":false,"linkId":"f91f538e-29c5-4a43-b285-37db2523ef38","type":"arrow","links":["f91f538e-29c5-4a43-b285-37db2523ef38"],"properties":{"x":874.5000084635412,"name":"false","y":391.10435681747913,"label":"false","alignment":"right"}}],"properties":{"activityId":"condition-activity","expression":"{{ NumeroDeCuentaEntrado.DigitsEntered == AccountNumber }}","name":"AccountNumber_Exists","activityName":"condition-activity","description":"","_renderRequestTimestamp":1700231823229}},"19310527-1112-4741-a542-87be14974c38":{"id":"37731f78-14e2-4958-85cc-94511cd5cd95","type":"action","widgetType":"activity","label":"New Activity Widget in Diagram","point":{"x":1082,"y":82},"ports":[{"portId":"f4dab1e0-13d3-46f4-bb56-8a9001de8249","isSourcePort":true,"linkId":"f91f538e-29c5-4a43-b285-37db2523ef38","type":"arrow","links":["f91f538e-29c5-4a43-b285-37db2523ef38"],"properties":{"x":1074.0000084635412,"name":"in","y":99.99998670029163,"label":"in","alignment":"left"}},{"portId":"490dc862-1d8f-46c4-ace1-4794bd675f67","isSourcePort":false,"linkId":"a8d893f3-152f-46ef-9962-b401a11ab1e2","type":"arrow","links":["a8d893f3-152f-46ef-9962-b401a11ab1e2"],"properties":{"x":1249.0000084635412,"name":"default","y":99.99998670029163,"label":"default","alignment":"right"}},{"portId":"e4c0b1f7-62dd-4599-b577-290d1c8f6196","isSourcePort":false,"linkId":null,"type":"arrow","links":[],"properties":{"x":1249.5000084635412,"name":"error","y":193.66685681747913,"label":"error","alignment":"right"}}],"properties":{"volumeGainDb":"0","speakingRate":"1","voiceLanguage":"es-ES-Wavenet-B","activityName":"play-message","description":"","toggle":true,"connector:type":null,"activityId":"5f114466ef5cfc454fbbf131","connector":"cf321105-8efa-4819-950e-a1e19059f331","name":"Cuenta_Invalida","toggleLanguage":true,"voiceLanguage:type":null,"_renderRequestTimestamp":1700231823229,"prompts":null,"promptsTts":[{"type":"tts","value":"Su número no es válido, comience de nuevo."}]}},"12b58f16-8e90-4911-a49b-1623ddf5c918":{"id":"f91f538e-29c5-4a43-b285-37db2523ef38","type":"arrow","widgetType":"link","label":"","properties":{"curvyness":50,"selected":false,"color":"#545454","points":[{"id":"11ff560d-9d18-408e-abca-42a3d435cb13","type":"point","x":883,"y":399.60435681747913},{"id":"e1c5a19e-85f5-436d-a212-d87ff4befe27","type":"point","x":905,"y":399.60435681747913},{"id":"d732c1de-879b-4dfe-ab0b-ea482e5c5e70","type":"point","x":905,"y":108.49998670029163},{"id":"2cb541ab-3360-48cd-8d18-a0d5913ddf09","type":"point","x":1080,"y":108.49998670029163}],"width":1,"selectedColor":"#007aa3"},"points":[],"sourcePort":{"id":"754e5ded-1b4d-4411-8fae-4ba9cd7267a8","activeWidgetId":"f9d061d7-30f7-49d2-843f-dfe2f27cf0ba","point":{"x":883,"y":399}},"targetPort":{"id":"f4dab1e0-13d3-46f4-bb56-8a9001de8249","activeWidgetId":"37731f78-14e2-4958-85cc-94511cd5cd95","point":{"x":1080,"y":108}}},"5ac963a2-40d8-4279-b43c-6609f63ca39b":{"id":"99c10aaa-c740-4916-a7f5-3752dc92f56b","type":"action","widgetType":"activity","label":"New Activity Widget in Diagram","point":{"x":1085,"y":343},"ports":[{"portId":"5aff62f8-2c71-4b18-88c3-b8f6ea756201","isSourcePort":true,"linkId":"e81c5782-a0d7-41ee-b3d9-fe23baba5356","type":"arrow","links":["e81c5782-a0d7-41ee-b3d9-fe23baba5356"],"properties":{"x":1076.9999863441117,"name":"in","y":361.0000081179019,"label":"in","alignment":"left"}},{"portId":"0f9ccb2b-db2a-4f57-91a2-3857840e2f70","isSourcePort":false,"linkId":"6c9b1164-74bf-4655-aa87-0b51a0289f12","type":"arrow","links":["6c9b1164-74bf-4655-aa87-0b51a0289f12"],"properties":{"x":1251.9999449993825,"name":"default","y":361.0000081179019,"label":"default","alignment":"right"}},{"portId":"036784da-75df-4783-9eb2-cb9ff4a56f03","isSourcePort":false,"linkId":null,"type":"arrow","links":[],"properties":{"x":1252.5000508418889,"name":"error","y":454.66687420397824,"label":"error","alignment":"right"}}],"properties":{"volumeGainDb":"0","speakingRate":"1","voiceLanguage":"es-ES-Wavenet-B","activityName":"play-message","description":"","toggle":true,"connector:type":null,"activityId":"5f114466ef5cfc454fbbf131","connector":"cf321105-8efa-4819-950e-a1e19059f331","name":"ClienteConfirmado","toggleLanguage":true,"voiceLanguage:type":null,"_renderRequestTimestamp":1700231823229,"prompts":null,"promptsTts":[{"type":"tts","value":"Es un placer que nos llame, Don Luis Díaz, y gracias por el partido de ayer"}]}},"66412ed0-878a-44c2-bca5-2e704e1db0d3":{"id":"e81c5782-a0d7-41ee-b3d9-fe23baba5356","type":"arrow","widgetType":"link","label":"","properties":{"curvyness":50,"selected":false,"color":"#545454","points":[{"id":"0737658a-170f-409c-a726-ed80993aaaf2","type":"point","x":883,"y":364.02623181747913},{"id":"25756fab-afb3-45f0-989c-99f61d1cedb3","type":"point","x":905,"y":364.02623181747913},{"id":"410adbae-faa4-4f78-8614-0390a913a256","type":"point","x":905,"y":369.5000089447965},{"id":"01caa5d7-e59f-4bbf-81d4-c403a27b0a84","type":"point","x":1085,"y":369.5000089447965}],"width":1,"selectedColor":"#007aa3"},"points":[],"sourcePort":{"id":"60affb2c-085b-40f4-93c6-bf7351ec8881","activeWidgetId":"f9d061d7-30f7-49d2-843f-dfe2f27cf0ba","point":{"x":883,"y":364}},"targetPort":{"id":"5aff62f8-2c71-4b18-88c3-b8f6ea756201","activeWidgetId":"99c10aaa-c740-4916-a7f5-3752dc92f56b","point":{"x":1085,"y":369}}},"c8de9f77-90ae-47c8-a209-6b66faf460e0":{"id":"82b43cc3-d9b3-4381-b472-8b99e362e4ec","type":"action","widgetType":"activity","label":"New Activity Widget in Diagram","point":{"x":1103,"y":523},"ports":[{"portId":"cc635ec2-34f3-4cff-9fdd-e0ef7daeaecb","isSourcePort":true,"linkId":"6c9b1164-74bf-4655-aa87-0b51a0289f12","type":"arrow","links":["6c9b1164-74bf-4655-aa87-0b51a0289f12"],"properties":{"x":1095.0000084635412,"name":"in","y":540.9999867002916,"label":"in","alignment":"left"}},{"portId":"56f11893-004f-41a4-a678-2eae844c1673","isSourcePort":false,"linkId":"e7f4fd37-a285-46dc-8319-0250ce32dbe0","type":"arrow","links":["e7f4fd37-a285-46dc-8319-0250ce32dbe0"],"properties":{"x":1270.0000084635412,"name":"default","y":540.9999867002916,"label":"default","alignment":"right"}}],"properties":{"httpRequestHeaders":{"Authorization":"Bearer {{JDS_Token}}"},"authenticated":false,"httpRequestBody":"{\n  \"id\": \"{{NewPhoneContact.interactionId}}\",\n  \"specversion\": \"1.0\",\n  \"type\": \"UseCase3\",\n  \"source\": \"flow\",\n  \"previousidentity\":\"Unknow001\",\n  \"identity\": \"customerVIP7@customers.com\",\n  \"identitytype\": \"email\",\n  \"datacontenttype\": \"application/json\",\n  \"data\": {\n    \"origin\": \"El cliente ha llamado varias veces al numero publico\",\n    \"channelType\": \"telephony\",\n    \"MessageForAgent\" : \"enviar el numer VIP a Don Luis Díaz con el codigo secreto\",\n    \"category\": \"proactive\",\n    \"status\": \"On-going\"\n}\n}","httpRequestPath":null,"httpRequestUrl":"https://api-jds.prod-useast1.ciscowxdap.com/publish/v1/api/event","connectorId":null,"activityName":"http-request-v2","description":"","httpRequestMethod:type":null,"httpRequestMethod":"POST","outputVariableArray":[{"outputVariable":"JDS_PostMessage","jsonPathExp":"$.data"}],"activityId":"http-request-v2","httpContentType:type":null,"httpResponseTimeout":2000,"contentType:type":null,"name":"JDS_entry_Known","httpContentType":"Application/JSON","_renderRequestTimestamp":1700231823229,"contentType":"JSON","httpQueryParameters":{"workspaceId":"{{WorkspaceID}}"},"retryAttempts":1}},"b81a175e-8aed-47ca-8828-9932ee0d8507":{"id":"6c9b1164-74bf-4655-aa87-0b51a0289f12","type":"arrow","widgetType":"link","label":"","properties":{"curvyness":50,"selected":false,"color":"#545454","points":[{"id":"7d74ec79-477a-4901-a30b-f7fe90a85385","type":"point","x":1260,"y":369.5000089447965},{"id":"080aad7d-7118-42b0-8bfc-e03e31762cb7","type":"point","x":1280,"y":369.5000089447965},{"id":"f8b9e542-0fbe-4ad4-8811-80eabf7e292d","type":"point","x":1280,"y":503},{"id":"a6ab0fad-ef53-4a67-97cc-36b2473a2ef7","type":"point","x":1083.5000084635412,"y":503},{"id":"50923ba1-d07e-46a6-ae57-6664223a6aa2","type":"point","x":1083.5000084635412,"y":549.4999867002916},{"id":"9bb5abdf-b6a6-4f32-937d-1247bfddb01b","type":"point","x":1100,"y":549.4999867002916}],"width":1,"selectedColor":"#007aa3"},"points":[],"sourcePort":{"id":"0f9ccb2b-db2a-4f57-91a2-3857840e2f70","activeWidgetId":"99c10aaa-c740-4916-a7f5-3752dc92f56b","point":{"x":1260,"y":369}},"targetPort":{"id":"cc635ec2-34f3-4cff-9fdd-e0ef7daeaecb","activeWidgetId":"82b43cc3-d9b3-4381-b472-8b99e362e4ec","point":{"x":1100,"y":549}}},"00aee47e-724c-46a4-98fa-a971ef494ee4":{"id":"e8e6895f-1a5c-497a-963d-2a5a49b963f4","type":"action","widgetType":"activity","label":"New Activity Widget in Diagram","point":{"x":1375,"y":819},"ports":[{"portId":"daa9d3f7-c549-4090-9574-48f5a1318d64","isSourcePort":true,"linkId":"24d220a7-4a0b-46dc-a6ba-6a03759e9c06","type":"arrow","links":["24d220a7-4a0b-46dc-a6ba-6a03759e9c06"],"properties":{"x":1367.0000084635412,"name":"in","y":836.9999867002916,"label":"in","alignment":"left"}},{"portId":"21c2466c-a155-4647-9364-0431c478ee06","isSourcePort":false,"linkId":"0ddd5051-7311-43bb-b9a9-c1d9bf11c995","type":"arrow","links":["0ddd5051-7311-43bb-b9a9-c1d9bf11c995"],"properties":{"x":1542.0000084635412,"name":"default","y":836.9999867002916,"label":"default","alignment":"right"}},{"portId":"5dc3d8d4-d43d-410c-bb8b-458d98de6b00","isSourcePort":false,"linkId":null,"type":"arrow","links":[],"properties":{"x":1542.5000084635412,"name":"error","y":930.6668568174791,"label":"error","alignment":"right"}}],"properties":{"volumeGainDb":"0","speakingRate":"1","voiceLanguage":"es-ES-Wavenet-B","activityName":"play-message","description":"","toggle":true,"connector:type":null,"activityId":"5f114466ef5cfc454fbbf131","connector":"cf321105-8efa-4819-950e-a1e19059f331","name":"TicketVIP","toggleLanguage":true,"voiceLanguage:type":null,"_renderRequestTimestamp":1700231823229,"prompts":null,"promptsTts":[{"type":"tts","value":"Sentimos la complicaciones para contactarnos. No se preocupe, para las proximas veces, le enviaremos una linea VIP con su código secreto por SMS, para que sea atendido de inmediato. Hasta pronto"}]}},"925689c3-0c6c-4c7e-91e5-44b6ff587b5a":{"id":"424e3982-4114-400e-8ff6-1f7b309ad037","type":"terminating-action","widgetType":"activity","label":"New Activity Widget in Diagram","point":{"x":1609,"y":828},"ports":[{"portId":"e0f681fc-4893-422c-a513-536fb93085da","isSourcePort":true,"linkId":"0ddd5051-7311-43bb-b9a9-c1d9bf11c995","type":"arrow","links":["0ddd5051-7311-43bb-b9a9-c1d9bf11c995"],"properties":{"x":1601.0000084635412,"name":"in","y":845.9999867002916,"label":"in","alignment":"left"}}],"properties":{"name":"DisconnectContact_2uv","activityName":"disconnect-contact","activityId":"5faa898c8bf5b65b82f0706b","_renderRequestTimestamp":1700231823229}},"e3d90638-3392-4109-b071-69f490baea19":{"id":"0ddd5051-7311-43bb-b9a9-c1d9bf11c995","type":"arrow","widgetType":"link","label":"","properties":{"curvyness":50,"selected":false,"color":"#545454","points":[{"id":"282fb75e-0068-4dff-a359-03ae1dc6da92","type":"point","x":1550,"y":845.4999867002916},{"id":"6d7bc346-75f3-40fe-9675-1b18bd992137","type":"point","x":1570,"y":845.4999867002916},{"id":"3b22fbb2-abec-4f19-ae2c-b0aa21fbe624","type":"point","x":1570,"y":854.4999867002916},{"id":"9a8adee9-337d-4329-996b-b9ef716722be","type":"point","x":1605,"y":854.4999867002916}],"width":1,"selectedColor":"#007aa3"},"points":[],"sourcePort":{"id":"21c2466c-a155-4647-9364-0431c478ee06","activeWidgetId":"e8e6895f-1a5c-497a-963d-2a5a49b963f4","point":{"x":1550,"y":845}},"targetPort":{"id":"e0f681fc-4893-422c-a513-536fb93085da","activeWidgetId":"424e3982-4114-400e-8ff6-1f7b309ad037","point":{"x":1605,"y":854}}},"a7f38121-5c79-4ea9-a844-16ff7f528e80":{"id":"8f81c101-b859-414d-85c8-b2c50198f317","type":"action","widgetType":"activity","label":"New Activity Widget in Diagram","point":{"x":330,"y":44},"ports":[{"portId":"f956f3cd-c6ca-4eb6-a602-a87073bdb4d3","isSourcePort":true,"linkId":"a8d893f3-152f-46ef-9962-b401a11ab1e2","type":"arrow","links":["a8d893f3-152f-46ef-9962-b401a11ab1e2","a83821af-2601-4a02-9a53-d93691f390e1"],"properties":{"x":322.00000846354135,"name":"in","y":61.99998670029163,"label":"in","alignment":"left"}},{"portId":"cd400a4a-e962-4319-8954-45e6903c3bcb","isSourcePort":false,"linkId":"7f2b8a14-8f45-438d-9598-338f58eb9e75","type":"arrow","links":["7f2b8a14-8f45-438d-9598-338f58eb9e75"],"properties":{"x":497.00000846354135,"name":"default","y":61.99998670029163,"label":"default","alignment":"right"}},{"portId":"bb1bdd91-08fb-4107-80ee-176257c39d6b","isSourcePort":false,"linkId":null,"type":"arrow","links":[],"properties":{"x":497.50000846354135,"name":"timeout","y":155.66685681747913,"label":"timeout","alignment":"right"}},{"portId":"559fc056-8606-45d1-99af-9d2ffae26276","isSourcePort":false,"linkId":null,"type":"arrow","links":[],"properties":{"x":497.50000846354135,"name":"invalid","y":187.24498181747913,"label":"invalid","alignment":"right"}},{"portId":"629f2845-5fae-46b1-bc80-e360458f3ee5","isSourcePort":false,"linkId":null,"type":"arrow","links":[],"properties":{"x":497.50000846354135,"name":"error","y":218.82310681747913,"label":"error","alignment":"right"}}],"properties":{"volumeGainDb":"0","speakingRate":"1","voiceLanguage":"es-ES-Wavenet-B","activityName":"ivr-collectdigits","maxDigits":"4","description":"","terminatorSymbol":"#","toggle":true,"connector:type":null,"interruptible":true,"activityId":"5f1144eaef5cfc454fbbf132","connector":"cf321105-8efa-4819-950e-a1e19059f331","minDigits":"4","name":"NumeroDeCuentaEntrado","toggleLanguage":true,"interDigitTimeout":3,"voiceLanguage:type":null,"_renderRequestTimestamp":1700231823229,"prompts":null,"entryTimeout":3,"promptsTts":[{"type":"tts","value":"¿Podría por favor ingresar su número de cuenta?"}]}},"046871f1-126e-4d9e-bbc7-151bc5857365":{"id":"a8d893f3-152f-46ef-9962-b401a11ab1e2","type":"arrow","widgetType":"link","label":"","properties":{"curvyness":50,"selected":false,"color":"#545454","points":[{"id":"d6f79bfc-cc29-47f5-85ad-ef277340c34a","type":"point","x":1257,"y":108.49998670029163},{"id":"45396844-1703-40ca-9d98-226f91a7af12","type":"point","x":1280,"y":108.49998670029163},{"id":"ff1a2c81-db33-487c-82ba-d7fd9b1e2dff","type":"point","x":1280,"y":24},{"id":"a58783d6-a23f-4fbb-a3af-d07edca9afe2","type":"point","x":310.50000846354135,"y":24},{"id":"eb97dc34-6a4b-445e-8a91-bbb3141849de","type":"point","x":310.50000846354135,"y":70.49998670029163},{"id":"f6939e8b-4afc-4617-a7e6-ce18ddde4081","type":"point","x":330,"y":70.49998670029163}],"width":1,"selectedColor":"#007aa3"},"points":[],"sourcePort":{"id":"490dc862-1d8f-46c4-ace1-4794bd675f67","activeWidgetId":"37731f78-14e2-4958-85cc-94511cd5cd95","point":{"x":1257,"y":108}},"targetPort":{"id":"f956f3cd-c6ca-4eb6-a602-a87073bdb4d3","activeWidgetId":"8f81c101-b859-414d-85c8-b2c50198f317","point":{"x":330,"y":70}}},"20ac62bd-26a8-4d5b-9f6a-8d6a66265730":{"id":"3dbc1491-fbe0-4158-9ea7-b2ebde5a6b9f","type":"action","widgetType":"activity","label":"New Activity Widget in Diagram","point":{"x":396,"y":474},"ports":[{"portId":"6458dce9-c228-46c4-bf82-b40fe5b5d9e4","isSourcePort":true,"linkId":"5edb249f-f123-465a-9a87-d73a973c168b","type":"arrow","links":["5edb249f-f123-465a-9a87-d73a973c168b"],"properties":{"x":388.00000846354135,"name":"in","y":491.99998670029163,"label":"in","alignment":"left"}},{"portId":"9ceb828a-483d-42f8-9fb7-2af8dff7a461","isSourcePort":false,"linkId":"99b95e29-af77-4cb5-9356-22488a41980b","type":"arrow","links":["99b95e29-af77-4cb5-9356-22488a41980b"],"properties":{"x":563.0000084635413,"name":"default","y":491.99998670029163,"label":"default","alignment":"right"}}],"properties":{"httpRequestHeaders":{"Authorization":"Bearer patHLGQIjzqRPaRNI.73f8a7bd7a582c855759da035beb2ee7cc6e1a9a2cf4146bad6af4c34195f41f"},"authenticated":false,"httpRequestPath":null,"httpRequestUrl":"https://api.airtable.com/v0/appeDporqdsKXs21x/tblr3idbO7kyY5HS3?view=Grid%20view&filterByFormula=({AccountNumber}='0001')","connectorId":null,"activityName":"http-request-v2","description":"Get Airtable information","httpRequestMethod:type":null,"httpRequestMethod":"GET","outputVariableArray":[{"outputVariable":"CaseNumber","jsonPathExp":"$.records[0].fields.Case"},{"outputVariable":"AccountNumber","jsonPathExp":"$.records[0].fields.AccountNumber"},{"outputVariable":"FirstName","jsonPathExp":"$.records[0].fields.Name"},{"outputVariable":"Email","jsonPathExp":"$.records[0].fields.Email"}],"activityId":"http-request-v2","httpContentType:type":null,"httpResponseTimeout":2000,"contentType:type":null,"name":"Airtable_information","httpContentType":"Application/JSON","_renderRequestTimestamp":1700231823229,"contentType":"JSON","httpQueryParameters":{},"retryAttempts":1}},"7373112a-6d9a-46a1-b9df-ba05af12aec5":{"id":"bf63772d-078e-4266-8d47-e42a686b589e","type":"action","widgetType":"activity","label":"New Activity Widget in Diagram","point":{"x":698,"y":60},"ports":[{"portId":"9faf5341-8716-4d0f-a709-54f83d847fe5","isSourcePort":true,"linkId":"99b95e29-af77-4cb5-9356-22488a41980b","type":"arrow","links":["99b95e29-af77-4cb5-9356-22488a41980b"],"properties":{"x":690.0000084635412,"name":"in","y":77.99998670029163,"label":"in","alignment":"left"}},{"portId":"2838a185-1187-4741-bb60-a642bc2fdcf8","isSourcePort":false,"linkId":"addcfe8a-678d-4463-8348-f1b881d5ee97","type":"arrow","links":["addcfe8a-678d-4463-8348-f1b881d5ee97"],"properties":{"x":865.0000084635412,"name":"default","y":77.99998670029163,"label":"default","alignment":"right"}}],"properties":{"httpRequestHeaders":{},"authenticated":false,"httpRequestBody":"{\n Type: \"JDS Entry\",\n Node: \"JDS_entry\",\n JDSGetToken : \"{{JDS_Token}}\",\n JDSPost : \"{{JDS_entry_unkown.httpStatusCode}}\",\n Airtable : \"{{NumeroDeCuentaEntrado.DigitsEntered}}\",\n Airtable1 : \"{{CaseNumber}}\",\n Airtable2 : \"{{Email}}\",\n Airtable3 : \"{{FirstName}}\"\n}","httpRequestPath":null,"httpRequestUrl":"https://webhook.site/fdfc0457-8818-4aae-8df8-b23d96be5cb7","connectorId":null,"activityName":"http-request-v2","description":"","httpRequestMethod:type":null,"httpRequestMethod":"POST","outputVariableArray":[{"outputVariable":"Select","jsonPathExp":""}],"activityId":"http-request-v2","httpContentType:type":null,"httpResponseTimeout":2000,"name":"Verifications","httpContentType":"Application/JSON","_renderRequestTimestamp":1700231823230,"httpQueryParameters":{},"retryAttempts":1}},"aeaf8e83-cf2c-4f43-a641-dd0facae0704":{"id":"99b95e29-af77-4cb5-9356-22488a41980b","type":"arrow","widgetType":"link","label":"","properties":{"curvyness":50,"selected":false,"color":"#545454","points":[{"id":"14f9dae3-7cdc-48ef-a99a-c78ca38d293b","type":"point","x":571,"y":500.49998670029163},{"id":"ff90ce21-de5c-41f7-8111-fc3ce65fbeda","type":"point","x":590,"y":500.49998670029163},{"id":"3fe8928f-958d-4a05-9bf7-c404fd268886","type":"point","x":590,"y":86.49998670029163},{"id":"4a956a57-79d6-4266-a8a5-f4c11f461946","type":"point","x":695,"y":86.49998670029163}],"width":1,"selectedColor":"#007aa3"},"points":[],"sourcePort":{"id":"9ceb828a-483d-42f8-9fb7-2af8dff7a461","activeWidgetId":"3dbc1491-fbe0-4158-9ea7-b2ebde5a6b9f","point":{"x":571,"y":500}},"targetPort":{"id":"9faf5341-8716-4d0f-a709-54f83d847fe5","activeWidgetId":"bf63772d-078e-4266-8d47-e42a686b589e","point":{"x":695,"y":86}}},"f5267eca-26e5-4102-94cb-f3de0e009881":{"id":"addcfe8a-678d-4463-8348-f1b881d5ee97","type":"arrow","widgetType":"link","label":"","properties":{"curvyness":50,"selected":false,"color":"#545454","points":[{"id":"3d6489e1-5f19-48c6-8e5c-b3a21ffbc9d0","type":"point","x":873,"y":86.49998670029163},{"id":"e5265db9-f4e6-4c59-98d5-6e3373e488d2","type":"point","x":895,"y":86.49998670029163},{"id":"6d35bb3b-ef5b-466b-8e7c-b646567d5e6e","type":"point","x":895,"y":237},{"id":"b14aadaa-aade-4b99-a6f3-d782ddc46698","type":"point","x":687.5000084635412,"y":237},{"id":"fce7ee84-9f1b-46a6-9155-6a8860e0d42c","type":"point","x":687.5000084635412,"y":279.49998670029163},{"id":"4e7d4174-5dc3-44ca-963f-93638edd77db","type":"point","x":705,"y":279.49998670029163}],"width":1,"selectedColor":"#007aa3"},"points":[],"sourcePort":{"id":"2838a185-1187-4741-bb60-a642bc2fdcf8","activeWidgetId":"bf63772d-078e-4266-8d47-e42a686b589e","point":{"x":873,"y":86}},"targetPort":{"id":"1fcb7bcf-467b-4f83-8eaf-29031ea9653e","activeWidgetId":"f9d061d7-30f7-49d2-843f-dfe2f27cf0ba","point":{"x":705,"y":279}}},"36c15872-f640-443b-a064-0363be4496b3":{"id":"a83821af-2601-4a02-9a53-d93691f390e1","type":"arrow","widgetType":"link","label":"","properties":{"curvyness":50,"selected":false,"color":"#545454","points":[{"id":"05de10c5-6923-4d61-8f89-79920775ff14","type":"point","x":219,"y":69.49998670029163},{"id":"72dde575-2fef-4be3-8647-19023fc310c3","type":"point","x":240,"y":69.49998670029163},{"id":"6d83966d-de71-4e70-abcc-aa8ec78cf93e","type":"point","x":240,"y":24},{"id":"d3c6743d-c8cf-4faf-a369-820eb087fc81","type":"point","x":310.50000846354135,"y":24},{"id":"194b355a-f9bc-4fb0-8868-8f486ea2d2ec","type":"point","x":310.50000846354135,"y":70.49998670029163},{"id":"bbe16323-c9a8-4cae-bcab-dbba0a4cc881","type":"point","x":330,"y":70.49998670029163}],"width":1,"selectedColor":"#007aa3"},"points":[],"sourcePort":{"id":"0b73adfb-8716-4959-a54f-5893e6b67ce6","activeWidgetId":"2c4a4181-115c-44dc-9e93-994bc48b626b","point":{"x":219,"y":69}},"targetPort":{"id":"f956f3cd-c6ca-4eb6-a602-a87073bdb4d3","activeWidgetId":"8f81c101-b859-414d-85c8-b2c50198f317","point":{"x":330,"y":70}}},"893801b7-9506-4280-b652-867f916dc94a":{"id":"d2baa123-e0bd-4d72-b108-28ff14d27fc2","type":"action","widgetType":"activity","label":"New Activity Widget in Diagram","point":{"x":364,"y":301},"ports":[{"portId":"963e013c-7256-4ef8-b77d-bf4ecc0e11c4","isSourcePort":true,"linkId":"7f2b8a14-8f45-438d-9598-338f58eb9e75","type":"arrow","links":["7f2b8a14-8f45-438d-9598-338f58eb9e75"],"properties":{"x":356.00000846354135,"name":"in","y":318.99998670029163,"label":"in","alignment":"left"}},{"portId":"68744acf-a52d-4518-a9e7-c08a270b425a","isSourcePort":false,"linkId":"5edb249f-f123-465a-9a87-d73a973c168b","type":"arrow","links":["5edb249f-f123-465a-9a87-d73a973c168b"],"properties":{"x":531.0000084635413,"name":"default","y":318.99998670029163,"label":"default","alignment":"right"}}],"properties":{"httpRequestHeaders":{"Authorization":"Bearer {{JDS_Token}}"},"authenticated":false,"httpRequestBody":"{ \"id\": \"{{NewPhoneContact.interactionId}}\",\n  \"specversion\": \"1.0\",\n  \"type\": \"UseCase3\",\n  \"source\": \"flow\",\n  \"identity\": \"Unknow001\",\n  \"identitytype\": \"temporaryId\",\n  \"datacontenttype\": \"application/json\",\n  \"data\": {\n    \"origin\": \"llamada de un cliente desconocido\",\n    \"channelType\": \"telephony\",\n    \"MessageForAgent\" : \"cliente no ha entrado una cuenta valida\",\n    \"Numero de Cuenta Intentado\": \"{{ NumeroDeCuentaEntrado.DigitsEntered}}\",\n    \"status\": \"On-going\"\n}\n}","httpRequestPath":null,"httpRequestUrl":"https://api-jds.prod-useast1.ciscowxdap.com/publish/v1/api/event","connectorId":null,"activityName":"http-request-v2","description":"","httpRequestMethod:type":null,"httpRequestMethod":"POST","outputVariableArray":[{"outputVariable":"JDS_PostMessage","jsonPathExp":"$.data"}],"activityId":"http-request-v2","httpContentType:type":null,"httpResponseTimeout":2000,"contentType:type":null,"name":"JDS_entry_unkown","httpContentType":"Application/JSON","_renderRequestTimestamp":1700231823230,"contentType":"JSON","httpQueryParameters":{"workspaceId":"{{WorkspaceID}}"},"retryAttempts":1}},"e2f5fd34-7e9c-43b3-9156-62b642cd585c":{"id":"7f2b8a14-8f45-438d-9598-338f58eb9e75","type":"arrow","widgetType":"link","label":"","properties":{"curvyness":50,"selected":false,"color":"#545454","points":[{"id":"1134e350-cc05-46f3-8faa-01340c994a9b","type":"point","x":505,"y":70.49998670029163},{"id":"d27f6f97-a958-4297-baaa-237df193f552","type":"point","x":525,"y":70.49998670029163},{"id":"f00503ae-a30d-4484-a0cd-b609a621c9b6","type":"point","x":525,"y":281},{"id":"a9107eb8-f8df-4d3d-8fcc-1db88d0dfb22","type":"point","x":344.50000846354135,"y":281},{"id":"dabc2223-66fe-4442-8e1a-af51562f2713","type":"point","x":344.50000846354135,"y":327.49998670029163},{"id":"02754491-5dc9-4a95-9aa0-e0b3815cb0da","type":"point","x":360,"y":327.49998670029163}],"width":1,"selectedColor":"#007aa3"},"points":[],"sourcePort":{"id":"cd400a4a-e962-4319-8954-45e6903c3bcb","activeWidgetId":"8f81c101-b859-414d-85c8-b2c50198f317","point":{"x":505,"y":70}},"targetPort":{"id":"963e013c-7256-4ef8-b77d-bf4ecc0e11c4","activeWidgetId":"d2baa123-e0bd-4d72-b108-28ff14d27fc2","point":{"x":360,"y":327}}},"b26f37d9-b19b-4dac-9d41-27d44a997bee":{"id":"5edb249f-f123-465a-9a87-d73a973c168b","type":"arrow","widgetType":"link","label":"","properties":{"curvyness":50,"selected":false,"color":"#545454","points":[{"id":"a1de9ee9-45e8-4d94-899f-cfb24358c97b","type":"point","x":538.9999999999999,"y":327.49998670029163},{"id":"c254f625-a7e5-411a-bbcd-be50bcfc414d","type":"point","x":560,"y":327.49998670029163},{"id":"953011e7-a999-4bf5-ac20-a43684904eb6","type":"point","x":560,"y":454},{"id":"6a84333d-fca8-4859-a391-dbd2ff9265d1","type":"point","x":376.50000846354135,"y":454},{"id":"b6f03ecf-f5be-4cb7-9d5a-24162e888a73","type":"point","x":376.50000846354135,"y":500.49998670029163},{"id":"0fd464d3-65b7-4b13-bf38-1a30c0ef28a1","type":"point","x":395,"y":500.49998670029163}],"width":1,"selectedColor":"#007aa3"},"points":[],"sourcePort":{"id":"68744acf-a52d-4518-a9e7-c08a270b425a","activeWidgetId":"d2baa123-e0bd-4d72-b108-28ff14d27fc2","point":{"x":538,"y":327}},"targetPort":{"id":"6458dce9-c228-46c4-bf82-b40fe5b5d9e4","activeWidgetId":"3dbc1491-fbe0-4158-9ea7-b2ebde5a6b9f","point":{"x":395,"y":500}}},"29ed4200-307d-4aa2-870c-f17e8c7cdcb7":{"id":"08253db2-1eae-4826-a25f-818c03ed5e22","type":"action","widgetType":"activity","label":"New Activity Widget in Diagram","point":{"x":1090,"y":676},"ports":[{"portId":"84c46091-e907-4111-9457-be8532ebae48","isSourcePort":true,"linkId":"e7f4fd37-a285-46dc-8319-0250ce32dbe0","type":"arrow","links":["e7f4fd37-a285-46dc-8319-0250ce32dbe0"],"properties":{"x":1082.0000084635412,"name":"in","y":693.9999867002916,"label":"in","alignment":"left"}},{"portId":"9de20ecb-6823-4f7e-96ef-63849a8ac182","isSourcePort":false,"linkId":"318cd103-23aa-4265-a0c9-12e4f584d278","type":"arrow","links":["318cd103-23aa-4265-a0c9-12e4f584d278"],"properties":{"x":1257.0000084635412,"name":"default","y":693.9999867002916,"label":"default","alignment":"right"}}],"properties":{"httpRequestHeaders":{},"authenticated":false,"httpRequestBody":"{ \"CustomerName\": \"Tarek Ayadi\", \"CustomerNumber\": \"33642599901\" }","httpRequestPath":null,"httpRequestUrl":"https://hooks.uk.webexconnect.io/events/NR438Q6GGJ","connectorId":null,"activityName":"http-request-v2","description":"","httpRequestMethod:type":null,"httpRequestMethod":"POST","outputVariableArray":[{"outputVariable":"Select","jsonPathExp":""}],"activityId":"http-request-v2","httpContentType:type":null,"httpResponseTimeout":2000,"name":"SendSMS","httpContentType":"Application/JSON","_renderRequestTimestamp":1700231823230,"httpQueryParameters":{},"retryAttempts":1}},"ef782a21-f0b8-4318-b572-04f5d40541e7":{"id":"e7f4fd37-a285-46dc-8319-0250ce32dbe0","type":"arrow","widgetType":"link","label":"","properties":{"curvyness":50,"selected":false,"color":"#545454","points":[{"id":"28efdd80-d3cb-49ce-8ae3-a4b9d2e65a71","type":"point","x":1278,"y":549.4999867002916},{"id":"277d1129-e934-4928-b477-152630537130","type":"point","x":1300,"y":549.4999867002916},{"id":"3faf7a11-34de-4a4f-9c19-d7c70a5fd15b","type":"point","x":1300,"y":656},{"id":"45965436-9c69-4f0c-a89f-e18d613d9680","type":"point","x":1070.5000084635412,"y":656},{"id":"bb1edf9c-ba6c-4a79-962f-718c579c1137","type":"point","x":1070.5000084635412,"y":702.4999867002916},{"id":"f967ba78-a048-4f36-bcdd-1abca5afc81c","type":"point","x":1090,"y":702.4999867002916}],"width":1,"selectedColor":"#007aa3"},"points":[],"sourcePort":{"id":"56f11893-004f-41a4-a678-2eae844c1673","activeWidgetId":"82b43cc3-d9b3-4381-b472-8b99e362e4ec","point":{"x":1278,"y":549}},"targetPort":{"id":"84c46091-e907-4111-9457-be8532ebae48","activeWidgetId":"08253db2-1eae-4826-a25f-818c03ed5e22","point":{"x":1090,"y":702}}},"cc26f6ab-ea49-475e-b406-d070fbfc6caa":{"id":"4fb79776-6344-427e-93ba-05f235e22971","type":"action","widgetType":"activity","label":"New Activity Widget in Diagram","point":{"x":1082,"y":843},"ports":[{"portId":"d6b6d9b9-a59a-499c-81d7-d40ab442ca6a","isSourcePort":true,"linkId":"318cd103-23aa-4265-a0c9-12e4f584d278","type":"arrow","links":["318cd103-23aa-4265-a0c9-12e4f584d278"],"properties":{"x":1074.0000084635412,"name":"in","y":860.9999867002916,"label":"in","alignment":"left"}},{"portId":"9de3b06c-bbae-40c5-b9f4-28ca16726e88","isSourcePort":false,"linkId":"24d220a7-4a0b-46dc-a6ba-6a03759e9c06","type":"arrow","links":["24d220a7-4a0b-46dc-a6ba-6a03759e9c06"],"properties":{"x":1249.0000084635412,"name":"default","y":860.9999867002916,"label":"default","alignment":"right"}}],"properties":{"httpRequestHeaders":{},"authenticated":false,"httpRequestBody":"{\n Type: \"JDS Entry\",\n Node: \"JDS_entry\",\n JDSPost1 : \"{{JDS_entry_unkown.httpStatusCode}}\",\n JDSPost2 : \"{{JDS_entry_Known.httpStatusCode}}\",\n WxConnect : \"{{SendSMS.httpStatusCode}}\"\n}","httpRequestPath":null,"httpRequestUrl":"https://webhook.site/fa952392-5ed6-4a53-992a-102fa08d1dd8","connectorId":null,"activityName":"http-request-v2","description":"","httpRequestMethod:type":null,"httpRequestMethod":"POST","outputVariableArray":[{"outputVariable":"Select","jsonPathExp":""}],"activityId":"http-request-v2","httpContentType:type":null,"httpResponseTimeout":2000,"name":"Verifications2","httpContentType":"Application/JSON","_renderRequestTimestamp":1700231823230,"httpQueryParameters":{},"retryAttempts":1}},"9f363457-2fe0-4863-af01-80941aa417a6":{"id":"318cd103-23aa-4265-a0c9-12e4f584d278","type":"arrow","widgetType":"link","label":"","properties":{"curvyness":50,"selected":false,"color":"#545454","points":[{"id":"37d45de8-6cdb-4d6e-80d0-c6947210b543","type":"point","x":1265,"y":702.4999867002916},{"id":"04cb5ef4-65bd-4e63-8af4-3f75c241a2f4","type":"point","x":1285,"y":702.4999867002916},{"id":"286a97ce-a949-4efa-991e-eed307b49b92","type":"point","x":1285,"y":823},{"id":"2b1e0ab7-6fcd-44ef-9e51-d122827b5d6c","type":"point","x":1062.5000084635412,"y":823},{"id":"70261eb5-f61b-40f2-8f8e-ded08c05f921","type":"point","x":1062.5000084635412,"y":869.4999867002916},{"id":"1bedb895-01c2-44ad-a5a9-d83649ab110e","type":"point","x":1080,"y":869.4999867002916}],"width":1,"selectedColor":"#007aa3"},"points":[],"sourcePort":{"id":"9de20ecb-6823-4f7e-96ef-63849a8ac182","activeWidgetId":"08253db2-1eae-4826-a25f-818c03ed5e22","point":{"x":1265,"y":702}},"targetPort":{"id":"d6b6d9b9-a59a-499c-81d7-d40ab442ca6a","activeWidgetId":"4fb79776-6344-427e-93ba-05f235e22971","point":{"x":1080,"y":869}}},"fec688f3-9f25-4c29-99d7-5014495b7593":{"id":"24d220a7-4a0b-46dc-a6ba-6a03759e9c06","type":"arrow","widgetType":"link","label":"","properties":{"curvyness":50,"selected":false,"color":"#545454","points":[{"id":"996b83b6-124e-4fa7-b63f-3b49c079b86e","type":"point","x":1257,"y":869.4999867002916},{"id":"c1ab7006-f391-4410-8c7c-36a35f4ebea2","type":"point","x":1280,"y":869.4999867002916},{"id":"4ffbbb93-b816-4d27-9b34-0cd0ca565c9f","type":"point","x":1280,"y":845.4999867002916},{"id":"a8bd836e-83ed-4a61-b3af-e6744561c89c","type":"point","x":1375,"y":845.4999867002916}],"width":1,"selectedColor":"#007aa3"},"points":[],"sourcePort":{"id":"9de3b06c-bbae-40c5-b9f4-28ca16726e88","activeWidgetId":"4fb79776-6344-427e-93ba-05f235e22971","point":{"x":1257,"y":869}},"targetPort":{"id":"daa9d3f7-c549-4090-9574-48f5a1318d64","activeWidgetId":"e8e6895f-1a5c-497a-963d-2a5a49b963f4","point":{"x":1375,"y":845}}}},"properties":{"offsetX":-769.4184948611125,"offsetY":-257.4422862283012,"zoom":98.41666666666679,"gridSize":0}},"flowId":"65296f24d14dcf76d895d207","eventFlows":{"eventsMap":{"GLOBAL_EVENTS":{"id":"GLOBAL_EVENTS","name":"name","description":"description","process":{"activities":{"f6f504e0-e867-472f-9135-235c5c889ad9":{"id":"f6f504e0-e867-472f-9135-235c5c889ad9","name":"FCAsk(ContactLastAgentRemoved)","group":"event","properties":{"eventSourceId":"5eff0e2eb10162499bc9f932","activityId":"event","eventSourceName":"WebexContactCenter","eventSpecificationId":"5ffeafa86a7eff72a481c4b5","displayName":"AgentDisconnected","eventSpecificationName":"FCAsk(ContactLastAgentRemoved)","iconDiagram":"icon-headset-muted_16","name":"FCAsk(ContactLastAgentRemoved)","eventClassificationId":"5f10475cf021306e89e1692c","event":"AgentDisconnected","_renderRequestTimestamp":1700231823231,"eventClassificationName":"VoiceInteractions"}},"9ee880f1-6b68-4122-a719-6a2ce0c9d1da":{"id":"9ee880f1-6b68-4122-a719-6a2ce0c9d1da","name":"AgentOfferContact","group":"event","properties":{"eventSourceId":"5eff0e2eb10162499bc9f932","activityId":"event","eventSourceName":"WebexContactCenter","eventSpecificationId":"637da544c02b556cf406d192","displayName":"AgentOffered","eventSpecificationName":"AgentOfferContact","iconDiagram":"icon-audio-call_16","name":"AgentOfferContact","eventClassificationId":"5f10475cf021306e89e1692c","event":"AgentOffered","_renderRequestTimestamp":1700231823230,"eventClassificationName":"VoiceInteractions"}},"a15e708e-c0c7-4bf0-99bb-dfdf59b758c0":{"id":"a15e708e-c0c7-4bf0-99bb-dfdf59b758c0","name":"ContactPredial","group":"event","properties":{"eventSourceId":"5eff0e2eb10162499bc9f932","activityId":"event","eventSourceName":"WebexContactCenter","eventSpecificationId":"63c914bebfee4622076922b1","displayName":"PreDial","eventSpecificationName":"ContactPredial","iconDiagram":"icon-other-number_16","name":"ContactPredial","eventClassificationId":"5f10475cf021306e89e1692c","event":"PreDial","_renderRequestTimestamp":1700231823231,"eventClassificationName":"VoiceInteractions"}},"6f3cba49-fc81-47ca-b2f2-35469958d64e":{"id":"6f3cba49-fc81-47ca-b2f2-35469958d64e","name":"ContactEnded","group":"event","properties":{"eventSourceId":"5eff0e2eb10162499bc9f932","activityId":"event","eventSourceName":"WebexContactCenter","eventSpecificationId":"5f354a336fb8c44e97ccb30e","displayName":"PhoneContactEnded","eventSpecificationName":"ContactEnded","iconDiagram":"icon-handset-muted_16","name":"ContactEnded","eventClassificationId":"5f10475cf021306e89e1692c","event":"PhoneContactEnded","_renderRequestTimestamp":1700231823230,"eventClassificationName":"VoiceInteractions"}},"f8923df1-8835-4fb5-8625-99261dda5f45":{"id":"f8923df1-8835-4fb5-8625-99261dda5f45","name":"AgentContactAssigned","group":"event","properties":{"eventSourceId":"5eff0e2eb10162499bc9f932","activityId":"event","eventSourceName":"WebexContactCenter","eventSpecificationId":"5f354a0c6fb8c44e97ccb30d","displayName":"AgentAnswered","eventSpecificationName":"AgentContactAssigned","iconDiagram":"icon-headset_16","name":"AgentContactAssigned","eventClassificationId":"5f10475cf021306e89e1692c","event":"AgentAnswered","_renderRequestTimestamp":1700231823230,"eventClassificationName":"VoiceInteractions"}},"73ed1a2e-8d4c-414c-b5d1-f35bc6e29a4e":{"id":"73ed1a2e-8d4c-414c-b5d1-f35bc6e29a4e","name":"GlobalErrorHandling","group":"event","properties":{"eventSourceId":"5eff0e2eb10162499bc9f932","activityId":"event","eventSourceName":"WebexContactCenter","eventSpecificationId":"627c0663e98eca854178bba6","displayName":"OnGlobalError","eventSpecificationName":"GlobalErrorHandling","iconDiagram":"icon-error-legacy_16","name":"GlobalErrorHandling","eventClassificationId":"5f10475cf021306e89e1692c","event":"OnGlobalError","_renderRequestTimestamp":1700231823230,"eventClassificationName":"VoiceInteractions"}}},"links":[]},"onEvents":{"GlobalErrorHandling":"73ed1a2e-8d4c-414c-b5d1-f35bc6e29a4e","AgentOfferContact":"9ee880f1-6b68-4122-a719-6a2ce0c9d1da","AgentContactAssigned":"f8923df1-8835-4fb5-8625-99261dda5f45","ContactEnded":"6f3cba49-fc81-47ca-b2f2-35469958d64e","FCAsk(ContactLastAgentRemoved)":"f6f504e0-e867-472f-9135-235c5c889ad9","ContactPredial":"a15e708e-c0c7-4bf0-99bb-dfdf59b758c0"},"diagram":{"widgets":{"73ed1a2e-8d4c-414c-b5d1-f35bc6e29a4e":{"id":"5b299c35-0c02-4a09-bd1b-bcd460c6b496","type":"event","widgetType":"activity","label":"New Activity Widget in Diagram","point":{"x":100,"y":115},"ports":[{"portId":"9303e8c7-36f7-4017-beed-645727f0c0b1","isSourcePort":false,"linkId":null,"type":"arrow","links":[],"properties":{"x":100,"name":"out","y":115,"label":"out","alignment":"right"}}],"properties":{"eventSourceId":"5eff0e2eb10162499bc9f932","eventSourceName":"WebexContactCenter","displayName":"OnGlobalError","iconDiagram":"icon-error-legacy_16","activityId":"event","eventSpecificationId":"627c0663e98eca854178bba6","eventSpecificationName":"GlobalErrorHandling","name":"GlobalErrorHandling","eventClassificationId":"5f10475cf021306e89e1692c","event":"OnGlobalError","_renderRequestTimestamp":1700231823230,"eventClassificationName":"VoiceInteractions"}},"9ee880f1-6b68-4122-a719-6a2ce0c9d1da":{"id":"b8180f05-3d22-4aec-8be5-b49fd2d72723","type":"event","widgetType":"activity","label":"New Activity Widget in Diagram","point":{"x":100,"y":230},"ports":[{"portId":"136eca66-da9a-476c-a90e-efd2b8ca6cae","isSourcePort":false,"linkId":null,"type":"arrow","links":[],"properties":{"x":100,"name":"out","y":230,"label":"out","alignment":"right"}}],"properties":{"eventSourceId":"5eff0e2eb10162499bc9f932","eventSourceName":"WebexContactCenter","displayName":"AgentOffered","iconDiagram":"icon-audio-call_16","activityId":"event","eventSpecificationId":"637da544c02b556cf406d192","eventSpecificationName":"AgentOfferContact","name":"AgentOfferContact","eventClassificationId":"5f10475cf021306e89e1692c","event":"AgentOffered","_renderRequestTimestamp":1700231823230,"eventClassificationName":"VoiceInteractions"}},"f8923df1-8835-4fb5-8625-99261dda5f45":{"id":"d19c6980-c152-4023-8a21-8df83b4c9d27","type":"event","widgetType":"activity","label":"New Activity Widget in Diagram","point":{"x":100,"y":345},"ports":[{"portId":"9dbc66c8-f0bf-4695-92d7-6c98514bf133","isSourcePort":false,"linkId":null,"type":"arrow","links":[],"properties":{"x":100,"name":"out","y":345,"label":"out","alignment":"right"}}],"properties":{"eventSourceId":"5eff0e2eb10162499bc9f932","eventSourceName":"WebexContactCenter","displayName":"AgentAnswered","iconDiagram":"icon-headset_16","activityId":"event","eventSpecificationId":"5f354a0c6fb8c44e97ccb30d","eventSpecificationName":"AgentContactAssigned","name":"AgentContactAssigned","eventClassificationId":"5f10475cf021306e89e1692c","event":"AgentAnswered","_renderRequestTimestamp":1700231823230,"eventClassificationName":"VoiceInteractions"}},"6f3cba49-fc81-47ca-b2f2-35469958d64e":{"id":"08c86be6-97d4-4277-a096-d34a1f7129d5","type":"event","widgetType":"activity","label":"New Activity Widget in Diagram","point":{"x":100,"y":460},"ports":[{"portId":"c8cea893-3a0e-4fbf-b0bb-4000e8341dc5","isSourcePort":false,"linkId":null,"type":"arrow","links":[],"properties":{"x":100,"name":"out","y":460,"label":"out","alignment":"right"}}],"properties":{"eventSourceId":"5eff0e2eb10162499bc9f932","eventSourceName":"WebexContactCenter","displayName":"PhoneContactEnded","iconDiagram":"icon-handset-muted_16","activityId":"event","eventSpecificationId":"5f354a336fb8c44e97ccb30e","eventSpecificationName":"ContactEnded","name":"ContactEnded","eventClassificationId":"5f10475cf021306e89e1692c","event":"PhoneContactEnded","_renderRequestTimestamp":1700231823230,"eventClassificationName":"VoiceInteractions"}},"f6f504e0-e867-472f-9135-235c5c889ad9":{"id":"b66ec92f-fc6a-4c32-b6f8-051442e87f9f","type":"event","widgetType":"activity","label":"New Activity Widget in Diagram","point":{"x":100,"y":575},"ports":[{"portId":"69737649-067f-41f0-9cd2-44d0d9d2ade8","isSourcePort":false,"linkId":null,"type":"arrow","links":[],"properties":{"x":100,"name":"out","y":575,"label":"out","alignment":"right"}}],"properties":{"eventSourceId":"5eff0e2eb10162499bc9f932","eventSourceName":"WebexContactCenter","displayName":"AgentDisconnected","iconDiagram":"icon-headset-muted_16","activityId":"event","eventSpecificationId":"5ffeafa86a7eff72a481c4b5","eventSpecificationName":"FCAsk(ContactLastAgentRemoved)","name":"FCAsk(ContactLastAgentRemoved)","eventClassificationId":"5f10475cf021306e89e1692c","event":"AgentDisconnected","_renderRequestTimestamp":1700231823231,"eventClassificationName":"VoiceInteractions"}},"a15e708e-c0c7-4bf0-99bb-dfdf59b758c0":{"id":"18e2f404-1727-4298-b3a6-38c0c62f56a4","type":"event","widgetType":"activity","label":"New Activity Widget in Diagram","point":{"x":100,"y":690},"ports":[{"portId":"c7163e32-d75f-420b-93ef-8859d6cd89b0","isSourcePort":false,"linkId":null,"type":"arrow","links":[],"properties":{"x":100,"name":"out","y":690,"label":"out","alignment":"right"}}],"properties":{"eventSourceId":"5eff0e2eb10162499bc9f932","eventSourceName":"WebexContactCenter","displayName":"PreDial","iconDiagram":"icon-other-number_16","activityId":"event","eventSpecificationId":"63c914bebfee4622076922b1","eventSpecificationName":"ContactPredial","name":"ContactPredial","eventClassificationId":"5f10475cf021306e89e1692c","event":"PreDial","_renderRequestTimestamp":1700231823231,"eventClassificationName":"VoiceInteractions"}}},"properties":{}}}},"properties":{"offsetX":0,"offsetY":0,"zoom":0,"gridSize":0}},"runtimeVariables":[],"validating":true,"persist":true,"validationResults":[],"createdBy":"wxcclabs@gmail.com","createdDate":"2023-11-17T14:37:09.646","lastModifiedDate":"2023-11-17T14:37:09.646","lastModifiedBy":"wxcclabs@gmail.com","variableOrders":{"pop-over":[{"name":"ani","variableSeq":"0"},{"name":"dn","variableSeq":"1"},{"name":"virtualTeamName","variableSeq":"2"}],"interaction-panel":[]}}